No;Especie;Luz;Microbio;Cosecha;Tiempo;Evento;NSC;Lignina;AMF_Imp;PHN_Imp;NSC_Imp;LIG_Imp
8;Acsa;Baja;Combinado;3;21;0;NA;9.11;55.07;-0.05;5.64;9.11
10;Acru;Baja;Combinado;3;21;0;NA;4.66;36;-0.01;6.37;4.66
22;Acne;Baja;Combinado;NA;22;1;NA;NA;64.93;0.03;7.65;8.34
23;Acne;Baja;Combinado;9;63;0;NA;9.87;71;0;8.02;9.87
32;Acsa;Baja;Combinado;6;42;0;NA;14.51;62;0.13;11.11;14.51
49;Acsa;Baja;Combinado;3;21;0;NA;8.02;63;0.21;10.68;8.02
53;Acru;Baja;Combinado;3;21;0;NA;12.31;23;0.08;8.68;12.31
60;Acne;Baja;Combinado;3;21;0;NA;9.6;52;0.21;10.78;9.6
91;Acne;Baja;Combinado;6;42;0;NA;10.8;73;0.05;9.13;10.8
113;Acsa;Baja;Combinado;6;42;0;NA;13.56;61;-0.01;9.68;13.56
114;Acsa;Baja;Combinado;9;63;0;NA;11.86;72;0.11;10.17;11.86
121;Acne;Baja;Combinado;9;63;0;NA;6.72;60;0.14;10.19;6.72
128;Acsa;Baja;Combinado;NA;63;1;NA;NA;64.89;0.02;9.45;11.49
136;Acsa;Baja;Combinado;9;63;0;NA;14.78;68.37;0.06;10.63;14.78
143;Acne;Baja;Combinado;NA;63;1;NA;NA;64.93;0.03;7.65;8.34
149;Acsa;Baja;Combinado;NA;38;1;NA;NA;64.89;0.02;9.45;11.49
150;Acsa;Baja;Combinado;NA;63;1;NA;NA;64.89;0.02;9.45;11.49
158;Acne;Baja;Combinado;NA;46;1;NA;NA;64.93;0.03;7.65;8.34
162;Acru;Baja;Combinado;6;42;0;NA;4.75;47;0.16;9.97;4.75
165;Acsa;Baja;Combinado;3;21;0;NA;11.09;53;0.14;10.28;11.09
166;Acru;Baja;Combinado;9;63;0;NA;13.84;64;0.06;9.77;13.84
174;Acne;Baja;Combinado;NA;40;1;NA;NA;64.93;0.03;7.65;8.34
179;Acru;Baja;Combinado;6;42;0;NA;6.53;46;0.25;10.76;6.53
193;Acru;Baja;Combinado;9;63;1;1.81;NA;35.46;-0.02;1.81;7.69
196;Acru;Baja;Combinado;NA;30;1;NA;NA;35.94;-0.01;5.18;7.42
201;Acru;Baja;Combinado;NA;27;1;NA;NA;35.94;-0.01;5.18;7.42
202;Acne;Baja;Combinado;3;21;0;NA;8.14;71;0.12;9.29;8.14
204;Acsa;Baja;Combinado;NA;29;1;NA;NA;64.89;0.02;9.45;11.49
205;Acne;Baja;Combinado;6;42;0;NA;8.45;72;0.15;10.85;8.45
209;Acsa;Baja;Combinado;3;21;0;NA;12.83;58;0.18;11.39;12.83
242;Acne;Baja;Combinado;9;63;0;NA;7.28;63;0.24;11.4;7.28
258;Acru;Baja;Combinado;9;63;1;NA;7.03;54;0.09;8.73;7.03
283;Acru;Baja;Combinado;3;21;0;NA;7.61;31.33;0.23;10.44;7.61
284;Acru;Baja;Combinado;NA;27;1;NA;NA;35.94;-0.01;5.18;7.42
285;Acru;Baja;Combinado;NA;33;1;NA;NA;35.94;-0.01;5.18;7.42
289;Acru;Baja;Combinado;3;21;0;NA;12.45;34;0.08;8.86;1245
292;Acne;Baja;Combinado;NA;63;1;NA;NA;64.93;0.03;7.65;8.34
298;Acne;Baja;Combinado;3;21;0;NA;6.56;57;-0.03;6.66;6.56
308;Acne;Baja;Combinado;NA;22;1;NA;NA;64.93;0.03;7.65;8.34
312;Acsa;Baja;Combinado;6;42;0;NA;12.45;68;-0.01;9.78;12.45
331;Acne;Baja;Combinado;6;42;0;NA;5.76;76;0.25;11.36;5.76
351;Acsa;Baja;Combinado;9;63;0;NA;13.22;61;0.34;13.35;13.22
364;Acru;Baja;Combinado;9;63;1;NA;8.18;43.75;0.04;7.75;8.18
372;Acru;Baja;Combinado;6;42;0;NA;9.79;51;0.18;9.86;9.79
375;Acsa;Baja;Combinado;9;63;0;NA;15.24;70;0.28;13.59;15.24
377;Acne;Baja;Combinado;9;63;1;NA;7.25;72.73;0.28;12.13;7.25
380;Acru;Baja;Combinado;6;42;0;NA;4.26;42.42;0.16;9.91;4.26
383;Acru;Baja;Combinado;9;63;1;2.28;NA;35.46;-0.02;2.28;7.69
390;Acsa;Baja;Combinado;6;42;0;NA;10.84;59.77;0.16;10.45;10.84
405;Acsa;Baja;Combinado;NA;41;1;NA;NA;64.89;0.02;9.45;11.49
406;Acru;Baja;Combinado;9;63;1;8.63;NA;47.63;0.09;8.63;7.71
407;Acsa;Baja;Combinado;3;21;0;NA;13.07;60;0.21;12;13.07
410;Acsa;Baja;Combinado;6;42;0;NA;13.56;68.92;0.21;12.24;13.56
419;Acru;Baja;Combinado;NA;63;1;NA;NA;35.94;-0.01;5.18;7.42
424;Acsa;Baja;Combinado;NA;63;1;NA;NA;64.89;0.02;9.45;11.49
441;Acru;Baja;Combinado;NA;48;1;NA;NA;35.94;-0.01;5.18;7.42
443;Acru;Baja;Combinado;NA;27;1;NA;NA;35.94;-0.01;5.18;7.42
451;Acsa;Baja;Combinado;NA;63;1;NA;NA;64.89;0.02;9.45;11.49
456;Acne;Baja;Combinado;9;63;1;5.81;NA;55.81;-0.02;5.81;7.94
471;Acru;Baja;Combinado;9;63;0;NA;7.11;51;0.06;8.19;7.11
475;Acru;Baja;Combinado;NA;18;1;NA;NA;35.94;-0.01;5.18;7.42
479;Acne;Baja;Combinado;NA;34;1;NA;NA;64.93;0.03;7.65;8.34
480;Acne;Baja;Combinado;3;21;0;NA;6.59;60;0.09;8.88;6.59
483;Acne;Baja;Combinado;NA;40;1;NA;NA;64.93;0.03;7.65;8.34
487;Acsa;Baja;Combinado;NA;23;1;NA;NA;64.89;0.02;9.45;11.49
496;Acru;Baja;Combinado;3;21;0;NA;10.04;32.32;0.04;6.74;10.04
498;Acsa;Baja;Combinado;NA;63;1;NA;NA;64.89;0.02;9.45;11.49
501;Acru;Baja;Combinado;3;21;0;NA;8.37;44.09;-0.05;5.9;8.37
502;Acru;Baja;Combinado;6;42;0;NA;9.72;60;-0.11;6.25;9.72
503;Acru;Baja;Combinado;9;63;1;5.48;NA;36.64;-0.01;5.48;7.36
506;Acne;Baja;Combinado;NA;55;1;NA;NA;64.93;0.03;7.65;8.34
513;Acne;Baja;Combinado;3;21;0;NA;5.34;75;0.2;10.85;5.34
517;Acsa;Baja;Combinado;3;21;0;NA;13.54;59;0.41;13.53;1354
538;Acru;Baja;Combinado;6;42;0;NA;12.91;64.13;0.02;9.41;12.91
539;Acne;Baja;Combinado;6;42;0;NA;4.75;74;0.01;9.1;4.75
581;Acne;Baja;Combinado;6;42;0;NA;5.56;67;0.09;9.17;5.56
584;Acru;Baja;Combinado;NA;36;1;NA;NA;35.94;-0.01;5.18;7.42
606;Acne;Baja;Combinado;9;63;0;NA;8.7;80;0.17;12.39;8.7
609;Acne;Baja;Combinado;9;63;0;NA;8.35;77;0.27;13.06;8.35
613;Acsa;Baja;Combinado;9;63;0;NA;12.85;82.11;0.02;11.14;12.85
617;Acsa;Baja;Combinado;6;42;0;NA;10.51;53;0;6.96;10.51
622;Acsa;Baja;Combinado;9;63;0;NA;13.17;78.57;-0.04;10.14;13.17
627;Acru;Baja;Combinado;9;63;1;NA;12.15;54.55;0.15;10.15;12.15
630;Acne;Baja;Combinado;NA;43;1;NA;NA;64.93;0.03;7.65;8.34
639;Acne;Baja;Combinado;NA;63;1;NA;NA;64.93;0.03;7.65;8.34
645;Acne;Baja;Combinado;NA;63;1;NA;NA;64.93;0.03;7.65;8.34
663;Acne;Baja;Combinado;3;21;0;NA;4.57;55;0.12;8.99;4.57
666;Acru;Baja;Combinado;NA;42;1;NA;NA;35.94;-0.01;5.18;7.42
669;Acru;Baja;Combinado;9;63;1;NA;10.89;51.09;0.02;7.83;10.89
676;Acne;Baja;Combinado;6;42;0;NA;5.11;75;-0.06;8.34;5.11
693;Acsa;Baja;Combinado;NA;44;1;NA;NA;64.89;0.02;9.45;11.49
694;Acsa;Baja;Combinado;NA;47;1;NA;NA;64.89;0.02;9.45;11.49
703;Acsa;Baja;Combinado;3;21;0;NA;13.91;49;0.18;12.17;13.91
704;Acru;Baja;Combinado;NA;30;1;NA;NA;35.94;-0.01;5.18;7.42
722;Acne;Baja;Combinado;9;63;0;NA;6.22;75;0.02;9.27;6.22
728;Acsa;Baja;Combinado;NA;63;1;NA;NA;64.89;0.02;9.45;11.49
748;Acru;Baja;Combinado;NA;63;1;NA;NA;35.94;-0.01;5.18;7.42
752;Acru;Baja;Combinado;3;21;0;NA;9.92;40.28;0.17;9.74;9.92
761;Acsa;Baja;Combinado;6;42;0;NA;11.37;53;0.37;12.1;11.37
767;Acsa;Baja;Combinado;3;21;0;NA;11.85;64.71;0.1;9.77;11.85
777;Acne;Baja;Combinado;NA;46;1;NA;NA;64.93;0.03;7.65;8.34
792;Acne;Baja;Combinado;3;21;0;NA;6.57;77;0;9.07;6.57
794;Acru;Baja;Combinado;3;21;0;NA;5.93;33.87;0.19;9.71;5.93
801;Acne;Baja;Combinado;9;63;1;7.59;NA;65.04;0.03;7.59;8.34
810;Acsa;Baja;Combinado;6;42;0;NA;12.99;69;0.14;11.39;12.99
811;Acne;Baja;Combinado;NA;53;1;NA;NA;64.93;0.03;7.65;8.34
820;Acru;Baja;Combinado;6;42;0;NA;5.62;51.58;0.14;9.86;5.62
857;Acne;Baja;Combinado;NA;31;1;NA;NA;64.93;0.03;7.65;8.34
860;Acru;Baja;Combinado;6;42;0;NA;9.91;32;0.16;9.49;9.91
869;Acne;Baja;Combinado;6;42;0;NA;10.7;69;0.06;8.91;10.7
876;Acne;Baja;Combinado;3;21;0;NA;10.81;85.37;0.14;12.23;10.81
878;Acru;Baja;Combinado;9;63;0;NA;11.87;54;0.25;11.03;11.87
880;Acsa;Baja;Combinado;9;63;0;NA;15.5;69;0.39;14.24;15.5
884;Acsa;Baja;Combinado;NA;63;1;NA;NA;64.89;0.02;9.45;1149
887;Acne;Baja;Combinado;9;63;0;NA;5.49;85;0.36;12.85;5.49
891;Acne;Baja;Combinado;6;42;0;NA;9.76;71;0.04;8.48;9.76
893;Acru;Baja;Combinado;NA;21;1;NA;NA;35.94;-0.01;5.18;7.42
896;Acne;Baja;Combinado;NA;31;1;NA;NA;64.93;0.03;7.65;8.34
901;Acsa;Baja;Combinado;9;63;0;NA;11.39;64;0.22;11.15;11.39
908;Acru;Baja;Combinado;3;21;0;NA;5.08;35.05;0;6.61;5.08
909;Acne;Baja;Combinado;9;63;1;6.39;NA;53.41;-0.04;6.39;7.45
919;Acsa;Baja;Combinado;NA;32;1;NA;NA;64.89;0.02;9.45;11.49
922;Acru;Baja;Combinado;9;63;1;NA;5.87;46.24;0.09;8.77;5.87
937;Acru;Baja;Combinado;NA;18;1;NA;NA;35.94;-0.01;5.18;7.42
942;Acsa;Baja;Combinado;3;21;0;NA;14.13;50;0.21;12.61;14.13
949;Acru;Baja;Combinado;9;63;1;NA;NA;35.94;-0.01;5.18;7.42
953;Acsa;Baja;Combinado;9;63;0;NA;10.77;74;-0.1;8.02;10.77
968;Acne;Baja;Combinado;NA;34;1;NA;NA;64.93;0.03;7.65;8.34
977;Acsa;Baja;Combinado;NA;63;1;NA;NA;64.89;0.02;9.45;11.49
981;Acsa;Baja;Combinado;NA;63;1;NA;NA;64.89;0.02;9.45;11.49
984;Acne;Baja;Combinado;3;21;0;NA;8.71;69;0.25;12.17;8.71
986;Acne;Baja;Combinado;6;42;0;NA;8.95;67.86;0.1;9.18;8.95
1002;Acsa;Baja;Combinado;3;21;0;NA;11.86;46;0.36;12.44;11.86
1008;Acsa;Baja;Combinado;6;42;0;NA;8.68;63;0.04;7.95;8.68
1018;Acru;Baja;Combinado;NA;33;1;NA;NA;35.94;-0.01;5.18;7.42
1062;Acru;Baja;Combinado;6;42;0;NA;6.87;46.46;0.01;7.86;6.87
1063;Acne;Baja;Combinado;9;63;0;NA;6.38;86;0.11;10.52;6.38
1067;Acsa;Baja;Combinado;NA;38;1;NA;NA;64.89;0.02;9.45;11.49
1072;Acru;Baja;Combinado;NA;36;1;NA;NA;35.94;-0.01;5.18;7.42
1074;Acne;Baja;Combinado;9;63;1;NA;7.54;84;0.21;12.35;7.54
1085;Acru;Baja;Combinado;9;63;0;NA;5.02;40;0.26;10.66;5.02
1092;Acsa;Baja;Combinado;NA;63;1;NA;NA;64.89;0.02;9.45;11.49
1098;Acru;Baja;Combinado;3;21;0;NA;8.51;23;0.19;9.84;8.51
1104;Acsa;Baja;Combinado;6;42;0;NA;9.61;68;0.08;8.46;9.61
1106;Acru;Baja;Combinado;NA;27;1;NA;NA;35.94;-0.01;5.18;7.42
1110;Acru;Baja;Combinado;6;42;0;NA;9.41;32;0.02;6.48;9.41
1113;Acne;Baja;Combinado;NA;28;1;NA;NA;64.93;0.03;7.65;8.34
1115;Acru;Baja;Combinado;9;63;1;NA;11.58;64;0.01;8.64;11.58
1116;Acne;Baja;Combinado;NA;28;1;NA;NA;64.93;0.03;7.65;8.34
1119;Acne;Baja;Combinado;3;21;0;NA;6.95;67;0.14;10.39;6.95
1132;Acne;Baja;Combinado;NA;63;1;NA;NA;64.93;0.03;7.65;8.34
1152;Acru;Baja;Combinado;NA;27;1;NA;NA;35.94;-0.01;5.18;7.42
1160;Acru;Baja;Combinado;9;63;1;8.59;NA;48.42;0.08;8.59;9.36
1167;Acru;Baja;Combinado;NA;24;1;NA;NA;35.94;-0.01;5.18;7.42
1180;Acsa;Baja;Combinado;9;63;0;NA;11.7;68;0.36;12.5;11.7
1188;Acru;Baja;Combinado;NA;63;1;NA;NA;35.94;-0.01;5.18;7.42
1189;Acsa;Baja;Combinado;NA;35;1;NA;NA;64.89;0.02;9.45;11.49
1194;Acne;Baja;Combinado;6;42;0;NA;8.55;67;0.1;8.99;8.55
1198;Acsa;Baja;Combinado;NA;35;1;NA;NA;64.89;0.02;9.45;11.49
1202;Acne;Alta;Combinado;NA;63;1;NA;NA;81.82;0.55;17.47;8.44
1207;Acne;Alta;Combinado;3;21;0;NA;7.89;78;0.56;16.09;7.89
1211;Acru;Alta;Combinado;3;21;0;NA;9.5;35.29;0.54;14.88;9.5
1219;Acru;Alta;Combinado;3;21;0;NA;7.19;33;0.3;12.11;7.19
1226;Acsa;Alta;Combinado;3;21;0;NA;12.48;55;0.26;12.07;12.48
1244;Acsa;Alta;Combinado;9;63;0;NA;12.83;67;0.15;11.05;12.83
1249;Acru;Alta;Combinado;6;42;0;NA;6.08;57.47;-0.06;7.69;6.08
1256;Acsa;Alta;Combinado;3;21;0;NA;14.09;68;0.48;15.54;14.09
1272;Acru;Alta;Combinado;9;63;0;NA;7.56;65;0.14;10.7;7.56
1284;Acru;Alta;Combinado;NA;63;1;NA;NA;43.96;0.22;11.18;7.18
1285;Acsa;Alta;Combinado;6;42;0;NA;12.49;63;0.53;14.91;12.49
1286;Acsa;Alta;Combinado;6;42;0;NA;13.69;69;0.13;11.13;13.69
1308;Acne;Alta;Combinado;6;42;0;NA;2.8;85;0.63;16.32;2.8
1315;Acsa;Alta;Combinado;9;63;0;NA;12.48;81;0.27;13.74;12.48
1318;Acru;Alta;Combinado;NA;35;1;NA;NA;43.96;0.22;11.18;7.18
1336;Acne;Alta;Combinado;6;42;0;NA;7.37;83;0.12;10.78;7.37
1343;Acsa;Alta;Combinado;NA;63;1;NA;NA;66.45;0.42;13.73;12.49
1347;Acru;Alta;Combinado;NA;63;1;NA;NA;43.96;0.22;11.18;7.18
1355;Acru;Alta;Combinado;6;42;0;NA;4.29;54;0.57;13.82;4.29
1356;Acne;Alta;Combinado;9;63;0;NA;3.39;90;0.17;11.97;3.39
1359;Acne;Alta;Combinado;NA;63;1;NA;NA;81.82;0.55;17.47;8.44
1364;Acsa;Alta;Combinado;NA;63;1;NA;NA;66.45;0.42;13.73;12.49
1368;Acru;Alta;Combinado;9;63;0;NA;6.89;60.2;0.35;12.45;6.89
1372;Acru;Alta;Combinado;3;21;0;NA;2.78;37.18;0.14;10.42;2.78
1375;Acne;Alta;Combinado;3;21;0;NA;5.27;74;0.23;11.27;5.27
1377;Acne;Alta;Combinado;NA;63;1;NA;NA;81.82;0.55;17.47;8.44
1381;Acru;Alta;Combinado;NA;63;1;NA;NA;43.96;0.22;11.18;7.18
1414;Acru;Alta;Combinado;3;21;0;NA;4.2;48.15;0.4;12.79;4.2
1429;Acne;Alta;Combinado;9;63;0;NA;9.75;88;0.27;14.4;9.75
1441;Acsa;Alta;Combinado;NA;63;1;NA;NA;66.45;0.42;13.73;12.49
1445;Acru;Alta;Combinado;6;42;0;NA;14.2;41;-0.01;9.36;14.2
1456;Acne;Alta;Combinado;NA;63;1;NA;NA;81.82;0.55;17.47;8.44
1464;Acne;Alta;Combinado;6;42;0;NA;11.33;79;0.3;13.55;11.33
1472;Acsa;Alta;Combinado;3;21;0;NA;11.69;60;0.37;13.03;11.69
1486;Acsa;Alta;Combinado;NA;63;1;NA;NA;66.45;0.42;13.73;12.49
1494;Acne;Alta;Combinado;9;63;0;NA;9.27;85;0.55;20.41;9.27
1504;Acsa;Alta;Combinado;6;42;0;NA;11.82;62;0.31;12.41;11.82
1528;Acru;Alta;Combinado;9;63;0;NA;7.1;50;0.25;11.8;7.1
1536;Acne;Alta;Combinado;NA;33;1;NA;NA;81.82;0.55;17.47;8.44
1542;Acne;Alta;Combinado;3;21;0;NA;6.13;67;0.48;13.52;6.13
1546;Acne;Alta;Combinado;NA;63;1;NA;NA;81.82;0.55;17.47;8.44
1554;Acsa;Alta;Combinado;3;21;0;NA;12.36;65;0.24;11.6;12.36
1578;Acne;Alta;Combinado;6;42;0;NA;10.37;75;-0.08;7.14;10.37
1579;Acru;Alta;Combinado;6;42;0;NA;4.71;44;0.05;9.43;4.71
1588;Acsa;Alta;Combinado;9;63;0;NA;14.15;85;0.38;15.35;14.15
1590;Acsa;Alta;Combinado;6;42;0;NA;13.29;65;0.37;13.47;13.29
1596;Acne;Alta;Combinado;NA;63;1;NA;NA;81.82;0.55;17.47;8.44
1600;Acsa;Alta;Combinado;9;63;0;NA;13.17;67;-0.01;9.75;13.17
1602;Acru;Alta;Combinado;9;63;0;NA;8.35;41;0.38;13.03;8.35
1610;Acne;Alta;Combinado;9;63;0;NA;6.65;93;0.11;10.91;6.65
1611;Acru;Alta;Combinado;NA;23;1;NA;NA;43.96;0.22;11.18;7.18
1625;Acru;Alta;Combinado;6;42;0;NA;8.76;37.31;0.56;14.63;8.76
1632;Acne;Alta;Combinado;NA;21;1;NA;NA;81.82;0.55;17.47;8.44
1634;Acsa;Alta;Combinado;NA;28;1;NA;NA;66.45;0.42;13.73;12.49
1643;Acru;Alta;Combinado;NA;26;1;NA;NA;43.96;0.22;11.18;7.18
1645;Acsa;Alta;Combinado;NA;63;1;NA;NA;66.45;0.42;13.73;12.49
1653;Acsa;Alta;Combinado;NA;63;1;NA;NA;66.45;0.42;13.73;12.49
1666;Acsa;Alta;Combinado;NA;63;1;NA;NA;66.45;0.42;13.73;12.49
1667;Acsa;Alta;Combinado;3;21;0;NA;14.52;57;0.51;15.68;14.52
1679;Acsa;Alta;Combinado;9;63;0;NA;15.09;72;0.36;14.05;15.09
1689;Acne;Alta;Combinado;NA;63;1;NA;NA;81.82;0.55;17.47;8.44
1692;Acne;Alta;Combinado;3;21;0;NA;6.32;77.27;0.35;12.34;6.32
1703;Acsa;Alta;Combinado;3;21;0;NA;12.2;76.62;0.43;14.39;12.2
1704;Acsa;Alta;Combinado;6;42;0;NA;12.7;70;0.23;12.02;12.7
1711;Acsa;Alta;Combinado;6;42;0;NA;13.73;72;0.27;13.2;13.73
1716;Acne;Alta;Combinado;6;42;0;NA;6.94;80;-0.04;9.25;6.94
1719;Acru;Alta;Combinado;9;63;0;NA;5.94;61;-0.1;7.89;5.94
1728;Acsa;Alta;Combinado;NA;55;1;NA;NA;66.45;0.42;13.73;12.49
1731;Acne;Alta;Combinado;3;21;0;NA;7.06;71;0.3;12.38;7.06
1740;Acsa;Alta;Combinado;9;63;0;NA;14.74;81;0.1;12.53;14.74
1741;Acru;Alta;Combinado;NA;63;1;NA;NA;43.96;0.22;11.18;7.18
1743;Acne;Alta;Combinado;9;63;0;NA;9.05;90;0.14;13.29;9.05
1754;Acne;Alta;Combinado;NA;24;1;NA;NA;81.82;0.55;17.47;8.44
1760;Acne;Alta;Combinado;6;42;0;NA;8.88;78;0.62;16.96;8.88
1763;Acru;Alta;Combinado;NA;63;1;NA;NA;43.96;0.22;11.18;7.18
1771;Acru;Alta;Combinado;3;21;0;NA;8.99;35;0.28;11.93;8.99
1779;Acne;Alta;Combinado;NA;63;1;NA;NA;81.82;0.55;17.47;8.44
1783;Acru;Alta;Combinado;NA;44;1;NA;NA;43.96;0.22;11.18;7.18
1814;Acne;Alta;Combinado;9;63;0;NA;8.48;99;0.12;11.64;8.48
1820;Acne;Alta;Combinado;3;21;0;NA;4.34;78;0.31;12.17;4.34
1821;Acsa;Alta;Combinado;NA;40;1;NA;NA;66.45;0.42;13.73;12.49
1829;Acru;Alta;Combinado;3;21;0;NA;8.59;51;0.39;13.37;8.59
1832;Acne;Alta;Combinado;6;42;0;NA;8.36;84;0.64;20.21;8.36
1836;Acne;Alta;Combinado;NA;63;1;NA;NA;81.82;0.55;17.47;8.44
1849;Acsa;Alta;Combinado;NA;63;1;NA;NA;66.45;0.42;13.73;12.49
1900;Acne;Alta;Combinado;9;63;0;NA;6.27;95;0.23;12.5;6.27
1910;Acru;Alta;Combinado;3;21;0;NA;9.62;49;-0.09;7.08;9.62
1911;Acne;Alta;Combinado;NA;63;1;NA;NA;81.82;0.55;17.47;8.44
1916;Acru;Alta;Combinado;6;42;0;NA;5.36;47;-0.02;8.26;5.36
1927;Acru;Alta;Combinado;9;63;0;NA;5.54;50.57;0.09;9.82;5.54
1938;Acru;Alta;Combinado;NA;63;1;NA;NA;43.96;0.22;11.18;7.18
1939;Acru;Alta;Combinado;NA;63;1;NA;NA;43.96;0.22;11.18;7.18
1982;Acru;Alta;Combinado;3;21;0;NA;8.61;47.37;-0.03;6.7;8.61
1987;Acsa;Alta;Combinado;NA;63;1;NA;NA;66.45;0.42;13.73;12.49
1988;Acsa;Alta;Combinado;6;42;0;NA;12.69;85.06;0.11;12.14;12.69
1990;Acru;Alta;Combinado;NA;63;1;NA;NA;43.96;0.22;11.18;7.18
1991;Acne;Alta;Combinado;3;21;0;NA;4.03;72;0.22;11.26;4.03
1994;Acsa;Alta;Combinado;3;21;0;NA;13.79;63;0.44;14.55;13.79
1998;Acsa;Alta;Combinado;3;21;0;NA;12.7;58;0.23;11.85;12.7
2013;Acne;Alta;Combinado;NA;63;1;NA;NA;81.82;0.55;17.47;8.44
2021;Acsa;Alta;Combinado;6;42;0;NA;10.24;68;0.53;14.26;10.24
2025;Acsa;Alta;Combinado;NA;37;1;NA;NA;66.45;0.42;13.73;12.49
2027;Acsa;Alta;Combinado;9;63;0;NA;16.94;80.25;0.68;18.17;16.94
2032;Acru;Alta;Combinado;6;42;0;NA;7.49;40;0.5;13.83;7.49
2035;Acsa;Alta;Combinado;9;63;0;NA;12.83;84;0.71;18.46;12.83
2038;Acne;Alta;Combinado;6;42;0;NA;11.32;76;0.22;11.73;11.32
2042;Acru;Alta;Combinado;NA;63;1;NA;NA;43.96;0.22;11.18;7.18
2051;Acne;Alta;Combinado;9;63;0;NA;6.85;89;-0.12;9.51;6.85
2062;Acru;Alta;Combinado;9;63;0;NA;10.71;47;0.02;8.72;10.71
2064;Acru;Alta;Combinado;NA;29;1;NA;NA;43.96;0.22;11.18;7.18
2071;Acsa;Alta;Combinado;NA;63;1;NA;NA;66.45;0.42;13.73;12.49
2080;Acne;Alta;Combinado;NA;63;1;NA;NA;81.82;0.55;17.47;8.44
2082;Acru;Alta;Combinado;6;42;0;NA;8.12;59;-0.06;7.19;8.12
2119;Acsa;Alta;Combinado;NA;63;1;NA;NA;66.45;0.42;13.73;12.49
2148;Acsa;Alta;Combinado;3;21;0;NA;13.73;69.41;0.11;10.91;13.73
2176;Acru;Alta;Combinado;NA;35;1;NA;NA;43.96;0.22;11.18;7.18
2191;Acru;Alta;Combinado;3;21;0;NA;3.57;35;0.14;10.42;3.57
2194;Acsa;Alta;Combinado;6;42;0;NA;10.43;73;0.12;9.5;10.43
2198;Acru;Alta;Combinado;3;21;0;NA;7.17;37;-0.01;8.34;7.17
2206;Acne;Alta;Combinado;3;21;0;NA;6.61;86;0.28;12.46;6.61
2215;Acsa;Alta;Combinado;NA;63;1;NA;NA;66.45;0.42;13.73;12.49
2217;Acsa;Alta;Combinado;3;21;0;NA;9.13;56;0.44;13.78;9.13
2221;Acne;Alta;Combinado;NA;63;1;NA;NA;81.82;0.55;17.47;8.44
2228;Acru;Alta;Combinado;NA;56;1;NA;NA;43.96;0.22;11.18;7.18
2238;Acne;Alta;Combinado;6;42;0;NA;9.36;76;0.37;13.59;9.36
2264;Acne;Alta;Combinado;NA;63;1;NA;NA;81.82;0.55;17.47;8.44
2266;Acne;Alta;Combinado;9;63;0;NA;6.91;96;0.2;12.53;6.91
2275;Acsa;Alta;Combinado;6;42;0;NA;12.14;75;0.19;11.31;12.14
2277;Acsa;Alta;Combinado;9;63;0;NA;16.44;66;0.16;12.2;16.44
2282;Acne;Alta;Combinado;3;21;0;NA;7.55;75;0.36;12.87;7.55
2286;Acru;Alta;Combinado;6;42;0;NA;9.51;55.84;0.47;14.58;9.51
2290;Acru;Alta;Combinado;6;42;0;NA;10.66;40;0.45;14.58;10.66
2291;Acru;Alta;Combinado;9;63;0;NA;6.45;52;0.47;13.67;6.45
2314;Acsa;Alta;Combinado;9;63;0;NA;13.59;76;0.21;12.84;13.59
2319;Acne;Alta;Combinado;6;42;0;NA;10.06;80.61;0.16;12.67;10.06
2323;Acsa;Alta;Combinado;NA;63;1;NA;NA;66.45;0.42;13.73;12.49
2328;Acru;Alta;Combinado;NA;63;1;NA;NA;43.96;0.22;11.18;7.18
2329;Acru;Alta;Combinado;9;63;0;NA;7.15;49;0.23;11.41;7.15
2337;Acsa;Alta;Combinado;NA;63;1;NA;NA;66.45;0.42;13.73;12.49
2353;Acru;Alta;Combinado;NA;41;1;NA;NA;43.96;0.22;11.18;7.18
2355;Acne;Alta;Combinado;NA;63;1;NA;NA;81.82;0.55;17.47;8.44
2374;Acru;Alta;Combinado;NA;26;1;NA;NA;43.96;0.22;11.18;7.18
2375;Acsa;Alta;Combinado;NA;63;1;NA;NA;66.45;0.42;13.73;12.49
2382;Acne;Alta;Combinado;9;63;0;NA;7.83;87;0.44;16.57;7.83
2388;Acne;Alta;Combinado;NA;30;1;NA;NA;81.82;0.55;17.47;8.44
2392;Acru;Alta;Combinado;NA;63;1;NA;NA;43.96;0.22;11.18;7.18
2393;Acne;Alta;Combinado;3;21;0;NA;2.79;70;0.36;12.3;2.79
2394;Acsa;Alta;Combinado;NA;63;1;NA;NA;66.45;0.42;13.73;12.49
2400;Acne;Alta;Combinado;NA;36;1;NA;NA;81.82;0.55;17.47;8.44
66;Acsa;Baja;Control;NA;63;1;NA;NA;48.88;0.15;10.6;8.15
69;Acne;Baja;Control;NA;34;1;NA;NA;73.98;0.16;12.01;6.63
83;Acru;Baja;Control;NA;18;1;NA;NA;69.13;0.03;9.81;11.51
84;Acru;Baja;Control;3;21;0;NA;7.72;33.33;0.02;7.74;6.87
86;Acne;Baja;Control;3;21;0;NA;4.54;68.88;0.03;9.55;11.21
88;Acru;Baja;Control;6;42;0;NA;3.81;71.11;0.18;11.29;11.8
98;Acru;Baja;Control;9;63;0;NA;7.85;66;0.1;9.2;10.38
103;Acru;Baja;Control;NA;63;1;NA;NA;50;0.04;8.42;5.79
109;Acsa;Baja;Control;3;21;0;NA;9.11;64;0.17;10.9;4.47
115;Acsa;Baja;Control;6;42;0;NA;12;86.05;0.08;10.81;6.44
119;Acsa;Baja;Control;9;63;0;NA;14.39;72.41;0.02;9.39;5.37
125;Acne;Baja;Control;6;42;0;NA;5.77;48;0.16;10.76;10.58
132;Acsa;Baja;Control;NA;63;1;NA;NA;29;-0.08;6.87;5.81
163;Acne;Baja;Control;9;63;0;NA;5.41;72.41;0.02;9.39;5.37
172;Acne;Baja;Control;NA;63;1;NA;NA;66;-0.08;7.87;6.06
177;Acru;Baja;Control;NA;63;1;NA;NA;76;-0.02;9.35;5.5
178;Acru;Baja;Control;3;21;0;NA;6.11;48.45;0.03;8.44;7.72
184;Acru;Baja;Control;6;42;0;NA;6.27;83.58;0.07;10.59;10.41
198;Acne;Baja;Control;NA;63;1;NA;NA;48.45;0.03;8.44;7.72
200;Acne;Baja;Control;3;21;0;NA;5.23;54.08;-0.22;6.97;7.24
208;Acsa;Baja;Control;NA;63;1;NA;NA;52.94;-0.1;6.29;7.67
215;Acsa;Baja;Control;3;21;0;NA;13.07;38;-0.05;7.08;3.42
217;Acne;Baja;Control;6;42;0;NA;5.29;39.39;0.04;7.98;7.07
219;Acsa;Baja;Control;6;42;0;NA;12.77;48;-0.08;7.35;7.03
224;Acru;Baja;Control;9;63;0;NA;4.19;67.56;0.03;9.88;11.53
230;Acsa;Baja;Control;9;63;0;NA;16.64;57.5;-0.03;8.37;12.22
232;Acsa;Baja;Control;NA;63;1;NA;NA;62;0.01;10.23;17.3
240;Acru;Baja;Control;NA;63;1;NA;NA;34;-0.11;5.8;10.36
270;Acne;Baja;Control;9;63;0;NA;4.52;60.4;0.19;12.02;12.85
273;Acru;Baja;Control;NA;63;1;NA;NA;65.57;0;8.96;10.46
278;Acne;Baja;Control;NA;63;1;NA;NA;64.89;-0.01;8.62;9.96
301;Acru;Baja;Control;3;21;0;NA;4.24;68.87;0.02;9.56;11.21
302;Acne;Baja;Control;NA;63;1;NA;NA;72;-0.02;9.19;11.54
305;Acru;Baja;Control;6;42;0;NA;4.55;65;0.03;8.18;8.54
307;Acne;Baja;Control;3;21;0;NA;4.7;53.04;-0.1;4.85;8.52
318;Acne;Baja;Control;6;42;0;NA;4.2;79.74;0.17;12.59;7.16
319;Acsa;Baja;Control;NA;63;1;NA;NA;72.41;0.02;9.39;5.37
320;Acne;Baja;Control;9;63;0;NA;5.18;67.56;0.03;9.88;11.53
321;Acru;Baja;Control;9;63;0;NA;5.48;70;0.12;10.75;12.61
322;Acru;Baja;Control;NA;63;1;NA;NA;72.41;0.02;9.39;5.37
337;Acsa;Baja;Control;3;21;0;NA;13.2;59;-0.29;7.42;3.78
340;Acsa;Baja;Control;6;42;0;NA;13.06;64.08;0.18;11.74;12.08
357;Acsa;Baja;Control;9;63;0;NA;15.57;78.86;0.18;12.65;7.23
389;Acne;Baja;Control;NA;37;1;NA;NA;53;0.05;8.43;5.5
394;Acsa;Baja;Control;NA;63;1;NA;NA;68;0.16;11.45;7.13
404;Acru;Baja;Control;NA;18;1;NA;NA;79.37;0.17;12.52;7.04
425;Acne;Baja;Control;NA;63;1;NA;NA;48.45;0.03;8.44;7.72
427;Acne;Baja;Control;3;21;0;NA;4.55;50.51;0.1;9.39;8.25
429;Acne;Baja;Control;6;42;0;NA;4.55;70;-0.08;8.43;5.31
430;Acru;Baja;Control;3;21;0;NA;4.92;67.56;0.03;9.88;11.53
442;Acne;Baja;Control;9;63;0;NA;4.77;72.41;0.02;9.39;5.37
445;Acne;Baja;Control;NA;63;1;NA;NA;48.45;0.03;8.44;7.72
462;Acru;Baja;Control;6;42;0;NA;6.34;72.41;0.02;9.39;5.37
466;Acsa;Baja;Control;NA;63;1;NA;NA;47.42;0.01;8.09;7.28
485;Acsa;Baja;Control;3;21;0;NA;13.53;48.45;0.03;8.44;7.72
486;Acsa;Baja;Control;6;42;0;NA;11.33;67.56;0.03;9.88;11.53
492;Acsa;Baja;Control;9;63;0;NA;13.11;74.88;0.04;10.12;7.03
507;Acsa;Baja;Control;NA;17;1;NA;NA;48.45;0.03;8.44;7.72
512;Acne;Baja;Control;NA;63;1;NA;NA;47.06;-0.09;7.49;7.75
518;Acru;Baja;Control;9;63;0;NA;5.46;48;-0.04;7.02;10.53
524;Acru;Baja;Control;NA;36;1;NA;NA;60;0.04;8.41;5.37
543;Acne;Baja;Control;3;21;0;NA;5.53;67.56;0.03;9.88;11.53
570;Acsa;Baja;Control;NA;63;1;NA;NA;65.27;-0.03;9.01;10.11
583;Acne;Baja;Control;6;42;0;NA;5.32;62;0.01;10.23;14.75
592;Acsa;Baja;Control;3;21;0;NA;13.01;83.72;0.09;11.34;11.05
596;Acne;Baja;Control;9;63;0;NA;5.59;71.63;0.14;11.66;6.77
597;Acne;Baja;Control;NA;63;1;NA;NA;31;-0.16;5.47;8.56
614;Acru;Baja;Control;NA;63;1;NA;NA;72;0.11;10.33;7.01
624;Acsa;Baja;Control;6;42;0;NA;13.96;68.42;0.03;9.8;11.62
626;Acru;Baja;Control;3;21;0;NA;6.84;48.45;0.03;8.44;7.72
628;Acsa;Baja;Control;9;63;0;NA;14.33;70;-0.01;8.79;3.78
640;Acru;Baja;Control;6;42;0;NA;9.32;63.61;-0.05;8.86;11.24
642;Acru;Baja;Control;9;63;0;NA;4.13;43.29;0.16;11.15;6.6
653;Acsa;Baja;Control;NA;63;1;NA;NA;64;-0.17;8.75;12.17
660;Acru;Baja;Control;NA;63;1;NA;NA;65;-0.03;8.39;4.96
678;Acsa;Baja;Control;NA;63;1;NA;NA;67.56;0.03;9.88;11.53
692;Acsa;Baja;Control;3;21;0;NA;12.49;52.21;-0.11;5.06;8.61
698;Acsa;Baja;Control;6;42;0;NA;9.09;48.45;0.03;8.44;7.72
699;Acne;Baja;Control;NA;63;1;NA;NA;46.71;-0.04;7.66;7.7
702;Acsa;Baja;Control;9;63;0;NA;12.52;61.39;-0.08;7.58;5.88
713;Acne;Baja;Control;3;21;0;NA;4.82;65.52;0.16;11.19;12.2
714;Acru;Baja;Control;NA;63;1;NA;NA;67.56;0.03;9.88;11.53
715;Acne;Baja;Control;6;42;0;NA;4.33;64.47;0.16;10.92;11.97
717;Acsa;Baja;Control;NA;63;1;NA;NA;75;0.04;9.83;7.94
719;Acne;Baja;Control;9;63;0;NA;4.17;67.56;0.03;9.88;11.53
721;Acru;Baja;Control;3;21;0;NA;5.16;52.75;0.08;8.83;8.53
724;Acne;Baja;Control;NA;63;1;NA;NA;48.45;0.03;8.44;7.72
733;Acru;Baja;Control;6;42;0;NA;8.13;59.91;-0.02;8.41;10.16
741;Acru;Baja;Control;9;63;0;NA;6.42;39.86;-0.12;5.87;8.51
745;Acru;Baja;Control;NA;63;1;NA;NA;72.41;0.02;9.39;5.37
766;Acne;Baja;Control;NA;63;1;NA;NA;85.07;-0.05;9.87;5.35
776;Acru;Baja;Control;NA;63;1;NA;NA;47;0.18;11.21;7.02
778;Acne;Baja;Control;3;21;0;NA;3.71;72.41;0.02;9.39;5.37
786;Acsa;Baja;Control;NA;63;1;NA;NA;28.28;-0.21;5.46;9.93
789;Acsa;Baja;Control;3;21;0;NA;15.04;79.31;0.23;13.81;7.82
790;Acru;Baja;Control;3;21;0;NA;10.3;61.57;-0.1;7.48;5.86
805;Acne;Baja;Control;6;42;0;NA;4.6;72.41;0.02;9.39;5.37
806;Acru;Baja;Control;6;42;0;NA;3.04;52.43;-0.09;5.64;8.55
814;Acne;Baja;Control;9;63;0;NA;6;65;-0.09;7.98;1.79
825;Acsa;Baja;Control;6;42;0;NA;14.28;58;-0.13;6.71;9.6
830;Acsa;Baja;Control;9;63;0;NA;14.28;63;0.01;8.51;3.79
834;Acsa;Baja;Control;NA;63;1;NA;NA;72.95;0.09;10.23;11.95
835;Acru;Baja;Control;9;63;0;NA;4.14;70;0.14;10.61;10.62
840;Acne;Baja;Control;NA;63;1;NA;NA;52.11;0.03;8.48;8.24
847;Acru;Baja;Control;NA;57;1;NA;NA;48.45;0.03;8.44;7.72
858;Acsa;Baja;Control;NA;63;1;NA;NA;72.41;0.02;9.39;5.37
874;Acsa;Baja;Control;3;21;0;NA;9.38;66.64;0.15;10.67;11.42
897;Acsa;Baja;Control;6;42;0;NA;12.86;39.97;-0.11;6.83;7.23
904;Acru;Baja;Control;NA;63;1;NA;NA;35.05;0.03;7.78;3.65
907;Acsa;Baja;Control;9;63;0;NA;13.73;48.45;0.03;8.44;7.72
915;Acne;Baja;Control;NA;63;1;NA;NA;64;0;8.36;5.24
926;Acne;Baja;Control;3;21;0;NA;4.61;67.56;0.03;9.88;11.53
927;Acsa;Baja;Control;NA;63;1;NA;NA;49;0.06;8.46;10.76
929;Acne;Baja;Control;6;42;0;NA;5.06;72.41;0.02;9.39;5.37
934;Acru;Baja;Control;3;21;0;NA;3.43;45;-0.06;7.2;10.98
935;Acru;Baja;Control;6;42;0;NA;8.41;65;-0.09;7.74;7.57
945;Acne;Baja;Control;9;63;0;NA;5.57;52.21;-0.1;4.37;8.56
946;Acru;Baja;Control;9;63;0;NA;6.22;64.48;0.19;11.82;12.05
961;Acne;Baja;Control;NA;52;1;NA;NA;48.45;0.03;8.44;7.72
987;Acru;Baja;Control;NA;63;1;NA;NA;67.56;0.03;9.88;11.53
997;Acne;Baja;Control;NA;63;1;NA;NA;48.45;0.03;8.44;7.72
1009;Acne;Baja;Control;3;21;0;NA;4.38;71;0.14;11.26;7.4
1019;Acsa;Baja;Control;NA;63;1;NA;NA;61;-0.01;9.98;14.88
1022;Acne;Baja;Control;6;42;0;NA;6.33;72.41;0.02;9.39;5.37
1029;Acsa;Baja;Control;3;21;0;NA;13.56;39.97;-0.11;6.82;7.23
1032;Acsa;Baja;Control;6;42;0;NA;13.7;52;-0.17;7.94;12.17
1042;Acsa;Baja;Control;9;63;0;NA;14.13;34.3;-0.12;5.39;9.2
1045;Acne;Baja;Control;9;63;0;NA;6.16;63.69;-0.01;8.58;10.87
1050;Acru;Baja;Control;NA;63;1;NA;NA;69;0;9.49;12.06
1051;Acru;Baja;Control;3;21;0;NA;2.5;67.7;0;9.35;11.32
1055;Acru;Baja;Control;6;42;0;NA;4.98;80.64;0.26;14.17;8.15
1058;Acne;Baja;Control;NA;52;1;NA;NA;48.45;0.03;8.44;7.72
1059;Acru;Baja;Control;9;63;0;NA;2.27;35.13;-0.13;6.52;6.8
1064;Acsa;Baja;Control;NA;63;1;NA;NA;26.09;-0.19;6.66;8.1
1075;Acru;Baja;Control;NA;63;1;NA;NA;84;0;10.12;5.78
1105;Acru;Baja;Control;NA;33;1;NA;NA;67.56;0.03;9.88;11.53
1107;Acru;Baja;Control;3;21;0;NA;4.87;69;-0.28;7.91;7.2
1128;Acne;Baja;Control;NA;63;1;NA;NA;48.45;0.03;8.44;7.72
1135;Acne;Baja;Control;3;21;0;NA;2.95;35.23;-0.13;6.17;7.1
1136;Acne;Baja;Control;6;42;0;NA;5.35;55.91;-0.12;6.83;11.45
1140;Acru;Baja;Control;6;42;0;NA;4.09;48.45;0.03;8.44;7.72
1148;Acne;Baja;Control;9;63;0;NA;6.57;63;0.11;9.64;3.99
1155;Acru;Baja;Control;9;63;0;NA;3.56;52.21;-0.1;4.39;8.56
1172;Acsa;Baja;Control;NA;63;1;NA;NA;48.45;0.03;8.44;7.72
1173;Acsa;Baja;Control;3;21;0;NA;13.37;73.75;0.08;10.28;11.84
1174;Acru;Baja;Control;NA;63;1;NA;NA;62;-0.1;7.35;6.42
1184;Acsa;Baja;Control;6;42;0;NA;11.73;67.56;0.03;9.88;11.53
1187;Acsa;Baja;Control;9;63;0;NA;14.01;64.04;-0.01;8.74;11.18
1193;Acsa;Baja;Control;NA;26;1;NA;NA;67.56;0.03;9.88;11.53
1195;Acne;Baja;Control;NA;63;1;NA;NA;72.41;0.02;9.39;5.37
1262;Acsa;Alta;Control;NA;63;1;NA;NA;83.04;0.4;14.75;7.84
1264;Acne;Alta;Control;NA;63;1;NA;NA;50.65;0.4;14.27;8.27
1268;Acne;Alta;Control;3;21;0;NA;4.56;50.78;0.03;8.73;8.58
1273;Acne;Alta;Control;6;42;0;NA;5.93;87.11;0.45;17.75;8.44
1276;Acsa;Alta;Control;3;21;0;NA;10.17;52.72;0.28;12.54;7.77
1278;Acne;Alta;Control;9;63;0;NA;4.9;83.04;0.4;14.75;7.84
1279;Acsa;Alta;Control;6;42;0;NA;12.83;44.65;0.16;10.61;7.86
1282;Acsa;Alta;Control;9;63;0;NA;10.56;87.11;0.45;17.11;8.27
1283;Acru;Alta;Control;NA;63;1;NA;NA;71;0.06;9.23;7.42
1290;Acru;Alta;Control;6;42;0;NA;6.34;64.6;0.47;14.3;12.69
1296;Acne;Alta;Control;NA;63;1;NA;NA;66.25;0.04;8.75;10.56
1304;Acsa;Alta;Control;NA;63;1;NA;NA;51;0.19;11.21;5.69
1309;Acru;Alta;Control;9;63;0;NA;9.52;38.01;0.2;11.29;6.22
1363;Acru;Alta;Control;NA;63;1;NA;NA;38.01;0.2;11.29;6.22
1387;Acne;Alta;Control;NA;63;1;NA;NA;78.44;0.51;18.32;13.82
1392;Acru;Alta;Control;NA;47;1;NA;NA;77.32;0.48;16.11;14.77
1395;Acru;Alta;Control;3;21;0;NA;6.12;50.67;0.27;12.43;7.71
1401;Acru;Alta;Control;6;42;0;NA;5.74;65.16;0;8.35;5.65
1412;Acru;Alta;Control;9;63;0;NA;7.09;80;0.49;14.53;6.26
1418;Acru;Alta;Control;NA;63;1;NA;NA;39.69;0.16;10.77;6.76
1427;Acne;Alta;Control;3;21;0;NA;6.3;83;0.18;13.68;8.97
1444;Acsa;Alta;Control;NA;63;1;NA;NA;83.04;0.4;14.75;7.84
1449;Acne;Alta;Control;6;42;0;NA;6.09;45.95;0.14;10.36;7.34
1459;Acsa;Alta;Control;3;21;0;NA;10.99;70;-0.05;8.43;7.8
1462;Acsa;Alta;Control;6;42;0;NA;13.37;83.04;0.4;14.75;7.84
1473;Acsa;Alta;Control;9;63;0;NA;12.5;67;0.15;11.01;7.29
1474;Acru;Alta;Control;NA;63;1;NA;NA;38.01;0.2;11.29;6.22
1475;Acne;Alta;Control;9;63;0;NA;4.24;79;0.47;16.24;12.31
1477;Acru;Alta;Control;3;21;0;NA;4.58;78.44;0.51;18.32;13.82
1482;Acsa;Alta;Control;NA;63;1;NA;NA;36.96;0.25;11.94;8.93
1483;Acne;Alta;Control;NA;54;1;NA;NA;63;0.6;15.21;13.54
1496;Acru;Alta;Control;9;63;0;NA;8.22;85.62;0.21;12.9;7.53
1500;Acru;Alta;Control;NA;63;1;NA;NA;78.26;0.51;16.27;12.99
1522;Acsa;Alta;Control;NA;63;1;NA;NA;78.44;0.51;18.32;13.82
1530;Acsa;Alta;Control;3;21;0;NA;9.31;62.11;0.52;15.12;12.93
1531;Acru;Alta;Control;NA;63;1;NA;NA;83;0.49;17.82;14.35
1539;Acru;Alta;Control;3;21;0;NA;5.3;61;0.3;12.47;9.96
1544;Acru;Alta;Control;6;42;0;NA;5.79;60;0.34;13.8;16.2
1547;Acsa;Alta;Control;6;42;0;NA;13.88;76;0.25;11.72;5.58
1548;Acru;Alta;Control;9;63;0;NA;10.19;43;0.1;9.73;8.08
1563;Acru;Alta;Control;NA;63;1;NA;NA;49.19;0.05;9.02;8.43
1565;Acsa;Alta;Control;9;63;0;NA;11.47;83.04;0.4;14.75;7.84
1567;Acsa;Alta;Control;NA;63;1;NA;NA;45;0.07;9.14;8.49
1598;Acne;Alta;Control;NA;63;1;NA;NA;45.29;0.15;10.5;7.71
1612;Acsa;Alta;Control;NA;63;1;NA;NA;77.7;0.48;15.77;13.67
1616;Acne;Alta;Control;3;21;0;NA;3.85;86.48;0.45;16.64;8.19
1617;Acne;Alta;Control;6;42;0;NA;3.57;83.04;0.4;14.75;7.84
1621;Acsa;Alta;Control;3;21;0;NA;7.7;50;-0.02;7.81;8.22
1635;Acne;Alta;Control;9;63;0;NA;5.54;78.44;0.51;18.32;13.82
1644;Acsa;Alta;Control;6;42;0;NA;10.9;80;0.26;13.61;9.56
1650;Acne;Alta;Control;NA;63;1;NA;NA;38.01;0.2;11.29;6.22
1658;Acsa;Alta;Control;9;63;0;NA;13.02;66;0.05;8.81;6.07
1660;Acsa;Alta;Control;NA;63;1;NA;NA;38.01;0.2;11.29;6.22
1694;Acne;Alta;Control;NA;63;1;NA;NA;38.01;0.2;11.29;6.22
1697;Acsa;Alta;Control;NA;63;1;NA;NA;81;0.29;14.47;9.08
1705;Acru;Alta;Control;NA;63;1;NA;NA;84.47;0.46;15.79;8
1708;Acsa;Alta;Control;3;21;0;NA;7.58;83.04;0.4;14.75;7.84
1712;Acsa;Alta;Control;6;42;0;NA;7.34;38.62;0.21;11.48;6.54
1715;Acru;Alta;Control;3;21;0;NA;5.07;39;0.11;9.82;7.68
1720;Acsa;Alta;Control;9;63;0;NA;10.8;84.12;0.33;13.61;8.27
1727;Acsa;Alta;Control;NA;63;1;NA;NA;87.11;0.45;18.12;8.46
1734;Acne;Alta;Control;3;21;0;NA;5.68;83.04;0.4;14.75;7.84
1738;Acne;Alta;Control;6;42;0;NA;5.94;85.19;0.2;12.93;7.63
1752;Acne;Alta;Control;9;63;0;NA;5.17;70;0.13;11.16;13.6
1757;Acne;Alta;Control;NA;63;1;NA;NA;84.12;0.33;13.61;8.27
1766;Acsa;Alta;Control;NA;63;1;NA;NA;78.44;0.51;18.32;13.82
1773;Acsa;Alta;Control;3;21;0;NA;8.69;64;0.66;15.03;9.45
1788;Acne;Alta;Control;NA;63;1;NA;NA;50.27;0.25;12.1;7.75
1795;Acsa;Alta;Control;6;42;0;NA;13.09;75;0.53;15.03;9.82
1796;Acne;Alta;Control;3;21;0;NA;3.11;63.86;0.04;8.64;11.06
1806;Acsa;Alta;Control;9;63;0;NA;11.92;83.04;0.4;14.75;7.84
1809;Acne;Alta;Control;6;42;0;NA;5.94;45;0.04;9.15;6.28
1813;Acne;Alta;Control;9;63;0;NA;5.96;85.17;0.46;16.15;8.04
1815;Acsa;Alta;Control;NA;63;1;NA;NA;83.33;0.39;15.1;8.74
1823;Acne;Alta;Control;NA;63;1;NA;NA;78.44;0.51;19.22;13.74
1851;Acru;Alta;Control;6;42;0;NA;6.68;38.01;0.2;11.29;6.22
1852;Acru;Alta;Control;9;63;0;NA;6.28;79;0.06;11.94;13.3
1864;Acne;Alta;Control;NA;63;1;NA;NA;81;0.18;13.48;8.98
1872;Acsa;Alta;Control;NA;63;1;NA;NA;78.44;0.51;18.32;13.82
1880;Acsa;Alta;Control;3;21;0;NA;11.04;72;0.24;11.86;7.79
1883;Acru;Alta;Control;NA;32;1;NA;NA;38.01;0.2;11.29;6.22
1884;Acsa;Alta;Control;6;42;0;NA;12.76;65.98;0.43;14;12.81
1909;Acru;Alta;Control;NA;63;1;NA;NA;90;0.15;13.05;7.84
1915;Acne;Alta;Control;3;21;0;NA;3.9;26.97;0.14;11.04;7.92
1918;Acsa;Alta;Control;9;63;0;NA;10.38;30.23;0.15;11.01;5.8
1921;Acne;Alta;Control;6;42;0;NA;5.55;46;-0.01;8.36;10.78
1922;Acsa;Alta;Control;NA;63;1;NA;NA;66.48;0.36;13.3;12.43
1933;Acne;Alta;Control;9;63;0;NA;5.31;78.44;0.51;18.32;13.82
1935;Acne;Alta;Control;NA;63;1;NA;NA;52.3;0.25;12.01;7.77
1974;Acru;Alta;Control;3;21;0;NA;5.21;38.01;0.2;11.29;6.22
1980;Acne;Alta;Control;NA;63;1;NA;NA;50.35;0.05;8.95;8.18
1983;Acru;Alta;Control;6;42;0;NA;7.31;83.99;0.23;12.35;6.46
1985;Acsa;Alta;Control;NA;63;1;NA;NA;78.44;0.51;19.16;13.74
1989;Acne;Alta;Control;3;21;0;NA;5.38;53.02;0.25;12.02;7.86
1996;Acne;Alta;Control;6;42;0;NA;6.73;77.7;0.48;15.77;13.67
1999;Acne;Alta;Control;9;63;0;NA;6.08;51.44;0.39;14.47;8.52
2002;Acru;Alta;Control;9;63;0;NA;6.53;76.71;0.46;15.47;12.39
2003;Acru;Alta;Control;NA;63;1;NA;NA;73;0.61;15.94;13.6
2006;Acne;Alta;Control;NA;33;1;NA;NA;79;0.54;14.91;6.88
2048;Acru;Alta;Control;NA;63;1;NA;NA;78.35;0.32;13.55;7.82
2053;Acsa;Alta;Control;3;21;0;NA;8.86;33;0.17;10.94;6.06
2072;Acsa;Alta;Control;6;42;0;NA;11.32;48.91;0.09;9.91;12.23
2076;Acru;Alta;Control;3;21;0;NA;6.09;83.04;0.4;14.75;7.84
2078;Acru;Alta;Control;6;42;0;NA;4.73;76.97;0.47;15.63;12.96
2085;Acru;Alta;Control;9;63;0;NA;5.64;38.01;0.2;11.29;6.22
2092;Acru;Alta;Control;NA;20;1;NA;NA;38.01;0.2;11.29;6.22
2111;Acsa;Alta;Control;9;63;0;NA;6.49;78.44;0.51;18.32;13.82
2117;Acru;Alta;Control;NA;63;1;NA;NA;31;0.16;11.02;8.59
2123;Acru;Alta;Control;3;21;0;NA;5.98;38.01;0.2;11.29;6.22
2124;Acsa;Alta;Control;NA;63;1;NA;NA;28;0.23;11.57;6.42
2145;Acne;Alta;Control;NA;63;1;NA;NA;83.04;0.4;14.75;7.84
2149;Acru;Alta;Control;6;42;0;NA;2.55;53;0.14;11.24;13.01
2151;Acru;Alta;Control;9;63;0;NA;6.49;86.36;-0.04;9.7;4.5
2153;Acne;Alta;Control;3;21;0;NA;5.27;85.98;0.41;14.88;7.99
2155;Acru;Alta;Control;NA;63;1;NA;NA;64.1;0.01;8.27;5.91
2166;Acne;Alta;Control;6;42;0;NA;6.67;85;0.12;11.05;7.25
2172;Acne;Alta;Control;9;63;0;NA;6.67;49.66;0.24;12.13;7.87
2177;Acsa;Alta;Control;NA;63;1;NA;NA;49.21;0.36;13.33;7.98
2193;Acne;Alta;Control;NA;63;1;NA;NA;65;0.25;12.15;12.75
2199;Acsa;Alta;Control;3;21;0;NA;9.51;37.5;0.17;10.65;6.71
2229;Acsa;Alta;Control;6;42;0;NA;10.2;83;0.33;13.09;7.36
2246;Acru;Alta;Control;NA;63;1;NA;NA;38.42;0.2;11.43;6.34
2248;Acru;Alta;Control;3;21;0;NA;4.55;39.25;0.24;11.77;7.69
2251;Acru;Alta;Control;6;42;0;NA;6.17;65.03;0.5;14.49;12.47
2259;Acsa;Alta;Control;9;63;0;NA;11.68;78.5;0.51;16.21;13.11
2261;Acne;Alta;Control;NA;63;1;NA;NA;83.04;0.4;14.75;7.84
2262;Acsa;Alta;Control;NA;22;1;NA;NA;69;-0.04;8.45;7.22
2267;Acne;Alta;Control;3;21;0;NA;5.43;79;0.22;11.96;4.49
2270;Acne;Alta;Control;6;42;0;NA;6.34;86.99;0.46;21.31;8.43
2276;Acru;Alta;Control;9;63;0;NA;10.31;72;0.11;10.56;12.71
2279;Acru;Alta;Control;NA;63;1;NA;NA;64.89;0.5;14.41;12.7
2294;Acne;Alta;Control;9;63;0;NA;5.13;88;0.13;11.19;4.69
2302;Acne;Alta;Control;NA;63;1;NA;NA;38.08;0.19;11.41;6.45
2316;Acru;Alta;Control;NA;63;1;NA;NA;38.01;0.2;11.29;6.22
2317;Acru;Alta;Control;3;21;0;NA;4.16;83.04;0.4;14.75;7.84
2341;Acru;Alta;Control;6;42;0;NA;5.73;83.67;0.52;17.99;15.82
2344;Acsa;Alta;Control;NA;63;1;NA;NA;83.9;0.24;12.52;6.92
2345;Acsa;Alta;Control;3;21;0;NA;9.37;78.44;0.51;18.32;13.82
2351;Acsa;Alta;Control;6;42;0;NA;9.61;35;0.11;9.97;5.03
2366;Acsa;Alta;Control;9;63;0;NA;8.98;78.44;0.51;18.32;13.82
2367;Acne;Alta;Control;NA;63;1;NA;NA;87.11;0.45;17.51;8.44
2370;Acru;Alta;Control;9;63;0;NA;9.36;77.5;0.5;16.04;13.67
2372;Acru;Alta;Control;NA;63;1;NA;NA;38.01;0.2;11.29;6.22
2376;Acne;Alta;Control;3;21;0;NA;4.79;38.01;0.2;11.29;6.22
2377;Acsa;Alta;Control;NA;63;1;NA;NA;78.44;0.51;18.32;13.82
2397;Acne;Alta;Control;6;42;0;NA;6.42;70;0.32;13.74;17.74
2398;Acne;Alta;Control;9;63;0;NA;5.41;78.44;0.51;18.32;13.82
2399;Acne;Alta;Control;NA;63;1;NA;NA;76;0.07;9.93;6.48
11;Acru;Baja;Grande;6;42;0;NA;2.7;0.8;0.05;7.07;9.57
13;Acne;Baja;Grande;6;42;0;NA;4.86;0.78;0.39;11.83;10.82
17;Acne;Baja;Grande;NA;63;1;NA;NA;1;0.35;10.18;6.2
39;Acru;Baja;Grande;3;21;0;NA;6.87;0;0.59;13;13.44
42;Acsa;Baja;Grande;6;42;0;NA;11.8;0;-0.06;5.82;6.55
51;Acsa;Baja;Grande;3;21;0;NA;10.38;0;0.27;11.71;14.49
54;Acne;Baja;Grande;3;21;0;NA;5.79;0.69;-0.03;2.92;8.54
61;Acne;Baja;Grande;6;42;0;NA;4.47;0.69;-0.03;4.03;8.54
65;Acne;Baja;Grande;9;63;0;NA;6.44;0.74;-0.03;4.8;8.49
71;Acne;Baja;Grande;NA;22;1;NA;NA;0;0.24;11.54;17.18
73;Acsa;Baja;Grande;6;42;0;NA;10.58;0.69;-0.03;2.75;8.54
77;Acru;Baja;Grande;3;21;0;NA;5.81;0;-0.02;5.6;5.02
97;Acne;Baja;Grande;NA;49;1;NA;NA;7.54;0.38;12.97;11.6
99;Acne;Baja;Grande;3;21;0;NA;6.06;1.65;0.06;2.23;9.69
111;Acsa;Baja;Grande;9;63;0;NA;11.72;0.67;-0.02;5.73;7.52
117;Acne;Baja;Grande;9;63;0;NA;5.5;0;0;6.62;1.95
122;Acru;Baja;Grande;NA;24;1;NA;NA;0;-0.08;5.72;7.93
124;Acru;Baja;Grande;9;63;0;NA;10.41;0.69;-0.03;2.92;8.54
127;Acru;Baja;Grande;6;42;0;NA;10.11;0.67;-0.02;5.73;7.52
131;Acru;Baja;Grande;NA;24;1;NA;NA;0.69;-0.03;2.98;8.54
138;Acne;Baja;Grande;6;42;0;NA;4.9;0;-0.06;6.59;11.82
142;Acru;Baja;Grande;NA;63;1;NA;NA;0;0.19;11.06;13.86
151;Acru;Baja;Grande;3;21;0;NA;7.24;-0.03;0.17;8.7;5.93
155;Acru;Baja;Grande;6;42;0;NA;3.42;0.69;-0.03;4.06;8.54
159;Acru;Baja;Grande;3;21;0;NA;7.07;0;-0.02;6.39;5.35
169;Acru;Baja;Grande;9;63;0;NA;7.03;0.38;0.2;8.95;7.64
170;Acsa;Baja;Grande;NA;63;1;NA;NA;0.69;-0.03;3.48;8.54
171;Acsa;Baja;Grande;3;21;0;NA;12.22;0.39;0.21;9.06;7.65
181;Acsa;Baja;Grande;9;63;0;NA;17.3;0.38;0.2;8.95;7.64
186;Acru;Baja;Grande;6;42;0;NA;10.36;0;0.35;11.4;12.01
199;Acru;Baja;Grande;NA;63;1;NA;NA;0.94;0.05;6.29;9.48
213;Acsa;Baja;Grande;3;21;0;NA;13.61;0;0.2;9.26;7.23
233;Acsa;Baja;Grande;NA;23;1;NA;NA;0;0.42;11.48;11.32
238;Acne;Baja;Grande;NA;40;1;NA;NA;0;-0.02;4.8;9.13
249;Acsa;Baja;Grande;NA;29;1;NA;NA;0.69;-0.03;2.92;8.54
259;Acsa;Baja;Grande;6;42;0;NA;11.54;0;0.09;7.99;5.35
264;Acne;Baja;Grande;9;63;0;NA;8.54;0.03;0.01;6.75;5.34
294;Acne;Baja;Grande;NA;63;1;NA;NA;0.67;-0.02;5.73;7.52
299;Acsa;Baja;Grande;NA;63;1;NA;NA;0;-0.03;4.88;8.13
317;Acsa;Baja;Grande;6;42;0;NA;12.61;0.69;-0.03;4.51;8.54
323;Acne;Baja;Grande;NA;63;1;NA;NA;0;0.21;8.99;4.44
327;Acru;Baja;Grande;9;63;0;NA;3.78;0;0.01;6.45;7.84
335;Acsa;Baja;Grande;9;63;0;NA;11.53;0;0.23;8.85;10.19
355;Acne;Baja;Grande;3;21;0;NA;5.5;0.6;-0.02;5.7;7.5
361;Acsa;Baja;Grande;3;21;0;NA;7.72;0.38;0.02;6.85;5.3
363;Acne;Baja;Grande;6;42;0;NA;7.13;0;0.08;6.97;10.18
402;Acru;Baja;Grande;NA;42;1;NA;NA;0.69;-0.03;3.16;8.54
403;Acru;Baja;Grande;9;63;0;NA;8.25;0.67;-0.02;5.73;7.52
409;Acne;Baja;Grande;9;63;0;NA;5.31;0.37;0.24;9.29;8.87
411;Acsa;Baja;Grande;NA;63;1;NA;NA;0.69;-0.03;2.92;8.54
412;Acne;Baja;Grande;NA;31;1;NA;NA;0.69;-0.03;1.88;8.54
413;Acru;Baja;Grande;NA;21;1;NA;NA;0.78;0.39;11.87;10.86
415;Acsa;Baja;Grande;9;63;0;NA;10.71;0.64;0;6.67;5.08
421;Acne;Baja;Grande;NA;31;1;NA;NA;0.6;-0.01;5.82;7.18
448;Acru;Baja;Grande;NA;36;1;NA;NA;0.67;-0.02;5.73;7.52
452;Acsa;Baja;Grande;NA;63;1;NA;NA;0;-0.04;4.59;8.65
459;Acru;Baja;Grande;3;21;0;NA;6.68;0.69;-0.03;3.19;8.54
461;Acru;Baja;Grande;NA;63;1;NA;NA;0;0.02;6.85;3.85
469;Acru;Baja;Grande;6;42;0;NA;7.61;0.38;0.2;8.95;7.64
477;Acsa;Baja;Grande;3;21;0;NA;10.53;0.69;-0.03;1.29;8.54
481;Acne;Baja;Grande;3;21;0;NA;5.37;0;0.15;10.07;12.31
482;Acne;Baja;Grande;NA;63;1;NA;NA;0;0.51;10.74;6.3
489;Acsa;Baja;Grande;NA;32;1;NA;NA;0.38;0.2;8.95;7.64
491;Acsa;Baja;Grande;NA;63;1;NA;NA;0.85;0.05;6.77;9.5
500;Acne;Baja;Grande;6;42;0;NA;8.56;0;0.43;10.68;8.52
514;Acsa;Baja;Grande;6;42;0;NA;14.75;0.06;0;6.56;4.55
528;Acsa;Baja;Grande;6;42;0;NA;11.05;0;0.37;11.86;12.99
542;Acru;Baja;Grande;3;21;0;NA;8.56;0.05;-0.01;6.68;4.7
544;Acne;Baja;Grande;9;63;0;NA;7.01;0.6;-0.01;4.19;7.77
560;Acne;Baja;Grande;3;21;0;NA;3.78;0.3;0.35;10.98;11.61
573;Acne;Baja;Grande;6;42;0;NA;1.77;0.67;-0.02;5.73;7.52
591;Acsa;Baja;Grande;9;63;0;NA;12.17;0;-0.06;6.44;3.18
605;Acsa;Baja;Grande;NA;59;1;NA;NA;0.69;-0.03;2.92;8.54
608;Acne;Baja;Grande;NA;31;1;NA;NA;0;0.01;6.9;6.61
612;Acsa;Baja;Grande;3;21;0;NA;4.96;7.51;0.38;13.06;11.49
620;Acru;Baja;Grande;NA;63;1;NA;NA;0;0.36;11.35;11.71
629;Acsa;Baja;Grande;NA;63;1;NA;NA;0;0.21;9.41;8.62
657;Acru;Baja;Grande;9;63;0;NA;9.3;0.69;-0.03;4.27;8.54
662;Acru;Baja;Grande;NA;24;1;NA;NA;0.38;0.2;8.95;7.64
673;Acsa;Baja;Grande;9;63;0;NA;9.23;0.38;0.2;8.95;7.64
682;Acsa;Baja;Grande;NA;63;1;NA;NA;0.38;0.2;8.95;7.64
688;Acne;Baja;Grande;9;63;0;NA;7.94;0.38;0.2;8.95;7.64
689;Acsa;Baja;Grande;NA;63;1;NA;NA;0.61;0;5.95;6.76
710;Acru;Baja;Grande;9;63;0;NA;8.53;0.69;-0.03;2.3;8.54
716;Acru;Baja;Grande;NA;30;1;NA;NA;0.92;-0.01;5.38;7.73
729;Acsa;Baja;Grande;3;21;0;NA;14.51;0.67;-0.02;5.73;7.52
734;Acne;Baja;Grande;NA;40;1;NA;NA;-0.01;0.13;8.4;5.74
737;Acru;Baja;Grande;6;42;0;NA;8.22;0.74;0.4;11.9;10.85
746;Acsa;Baja;Grande;3;21;0;NA;13.66;0.6;-0.01;3.71;7.77
759;Acne;Baja;Grande;3;21;0;NA;5.35;1;0.05;5.74;10.04
760;Acne;Baja;Grande;6;42;0;NA;5.5;0;0.17;8.73;9.19
775;Acru;Baja;Grande;NA;39;1;NA;NA;0.69;-0.03;0.67;8.54
779;Acru;Baja;Grande;3;21;0;NA;7.02;0.69;-0.03;2.92;8.54
780;Acne;Baja;Grande;NA;63;1;NA;NA;0.69;-0.03;2.97;8.54
787;Acru;Baja;Grande;3;21;0;NA;9.93;0;0.14;9.22;10.75
796;Acne;Baja;Grande;NA;34;1;NA;NA;0.43;0.21;8.93;7.62
817;Acne;Baja;Grande;3;21;0;NA;1.79;0.83;0.08;7.01;9.7
818;Acsa;Baja;Grande;6;42;0;NA;9.6;0;-0.32;4.9;9.7
827;Acne;Baja;Grande;6;42;0;NA;3.79;0.69;-0.03;3.59;8.54
832;Acsa;Baja;Grande;6;42;0;NA;10.62;0;0.22;8.78;10.16
838;Acne;Baja;Grande;9;63;0;NA;4.26;0.38;0.2;8.95;7.64
842;Acru;Baja;Grande;NA;63;1;NA;NA;0.67;-0.02;5.73;7.52
844;Acne;Baja;Grande;9;63;0;NA;3.74;0;0.19;8.82;5.11
849;Acru;Baja;Grande;6;42;0;NA;13.71;0.38;0.2;8.95;7.64
855;Acne;Baja;Grande;NA;63;1;NA;NA;-0.02;-0.01;6.47;5.09
856;Acne;Baja;Grande;3;21;0;NA;6.86;1;0.23;9.16;8.5
863;Acsa;Baja;Grande;NA;63;1;NA;NA;0.69;-0.03;2.92;8.54
865;Acsa;Baja;Grande;9;63;0;NA;11.76;0;0.3;11.19;12.14
877;Acru;Baja;Grande;9;63;0;NA;6.45;0;-0.06;6.41;6.05
889;Acne;Baja;Grande;NA;63;1;NA;NA;0;0.06;7.05;5.11
894;Acru;Baja;Grande;3;21;0;NA;3.65;0.33;-0.01;5.91;7.09
905;Acru;Baja;Grande;NA;24;1;NA;NA;0.91;-0.01;5.3;7.75
911;Acru;Baja;Grande;9;63;0;NA;5.24;1.64;0.08;6.08;9.61
916;Acsa;Baja;Grande;NA;63;1;NA;NA;0.69;-0.03;2.92;8.54
917;Acsa;Baja;Grande;3;21;0;NA;10.76;0.67;-0.02;5.73;7.52
938;Acne;Baja;Grande;NA;63;1;NA;NA;0;0;5.79;8.51
939;Acru;Baja;Grande;6;42;0;NA;10.98;0.38;0.17;8.39;9.17
948;Acne;Baja;Grande;6;42;0;NA;7.57;0;0.33;9.98;6.28
955;Acru;Baja;Grande;NA;63;1;NA;NA;0.69;-0.03;2.99;8.54
958;Acsa;Baja;Grande;9;63;0;NA;10.65;0.67;-0.02;5.73;7.52
966;Acsa;Baja;Grande;NA;41;1;NA;NA;0.38;0.2;8.95;7.64
970;Acsa;Baja;Grande;NA;63;1;NA;NA;0.69;-0.03;2.75;8.54
982;Acru;Baja;Grande;NA;63;1;NA;NA;0.64;0;6.67;5.08
992;Acne;Baja;Grande;9;63;0;NA;7.4;0;0.07;6.86;9.95
996;Acsa;Baja;Grande;6;42;0;NA;14.88;0.69;-0.03;2.92;8.54
1000;Acne;Baja;Grande;NA;28;1;NA;NA;0.24;-0.04;6.28;5.91
1006;Acsa;Baja;Grande;6;42;0;NA;12.17;0.69;-0.03;2.92;8.54
1010;Acne;Baja;Grande;NA;63;1;NA;NA;0.67;-0.02;5.73;7.52
1023;Acsa;Baja;Grande;9;63;0;NA;12.06;0.69;-0.03;2.61;8.54
1043;Acru;Baja;Grande;NA;39;1;NA;NA;0;0.18;8.12;8.69
1054;Acne;Baja;Grande;3;21;0;NA;5.59;0.69;-0.03;3.15;8.54
1069;Acru;Baja;Grande;3;21;0;NA;8.1;0;0.34;10.14;10.16
1076;Acne;Baja;Grande;6;42;0;NA;5.78;0.69;-0.03;2.92;8.54
1097;Acsa;Baja;Grande;3;21;0;NA;10.61;1;-0.05;5.02;8.87
1108;Acne;Baja;Grande;NA;22;1;NA;NA;1.03;0.08;6.2;9.58
1111;Acru;Baja;Grande;6;42;0;NA;7.95;0.7;-0.03;4.86;8.47
1112;Acsa;Baja;Grande;NA;63;1;NA;NA;0.6;-0.01;5.75;7.53
1114;Acru;Baja;Grande;9;63;0;NA;7.2;0.68;0.12;8.35;5.86
1118;Acru;Baja;Grande;NA;36;1;NA;NA;0.67;-0.02;5.73;7.52
1125;Acru;Baja;Grande;9;63;0;NA;11.45;0.69;-0.03;2.92;8.54
1131;Acru;Baja;Grande;NA;63;1;NA;NA;0.67;-0.02;5.73;7.52
1137;Acne;Baja;Grande;9;63;0;NA;3.99;0.6;-0.01;4.05;7.77
1151;Acsa;Baja;Grande;NA;63;1;NA;NA;0.69;-0.03;4.32;8.54
1159;Acru;Baja;Grande;NA;18;1;NA;NA;0.69;-0.03;2.92;8.54
1179;Acne;Baja;Grande;3;21;0;NA;6.42;0.38;0.2;8.95;7.64
1182;Acsa;Baja;Grande;NA;56;1;NA;NA;0.6;-0.01;3.15;7.77
1190;Acsa;Baja;Grande;9;63;0;NA;11.18;1.61;0.03;5.63;9.36
1191;Acsa;Baja;Grande;NA;17;1;NA;NA;0.38;0.2;8.95;7.64
1200;Acne;Baja;Grande;NA;63;1;NA;NA;0.38;0.2;8.95;7.64
1210;Acsa;Alta;Grande;3;21;0;NA;12.92;9.99;0.42;13.63;11.25
1216;Acru;Alta;Grande;3;21;0;NA;12.77;1.46;0.28;11.5;9.57
1227;Acru;Alta;Grande;3;21;0;NA;6.34;0;0.24;10.69;13.44
1245;Acsa;Alta;Grande;3;21;0;NA;10.76;0;0.34;11.23;11.28
1246;Acne;Alta;Grande;NA;63;1;NA;NA;19.33;0.4;13.29;7.09
1259;Acne;Alta;Grande;9;63;0;NA;8.17;1.56;0.25;11.2;9.85
1294;Acne;Alta;Grande;NA;63;1;NA;NA;7.25;0.42;12.64;10.35
1320;Acne;Alta;Grande;3;21;0;NA;7.42;17.96;0.37;12.57;6.48
1323;Acru;Alta;Grande;6;42;0;NA;9.65;0.57;0.22;10.06;9
1333;Acru;Alta;Grande;9;63;0;NA;5.69;0;-0.01;5.99;8.28
1337;Acru;Alta;Grande;NA;63;1;NA;NA;0;-0.04;5.93;9.49
1348;Acne;Alta;Grande;NA;63;1;NA;NA;0.67;0.25;10.52;10.15
1351;Acru;Alta;Grande;NA;63;1;NA;NA;0;-0.1;6.61;7.58
1361;Acru;Alta;Grande;NA;63;1;NA;NA;0.7;0.24;10.65;10.53
1366;Acru;Alta;Grande;6;42;0;NA;8.12;17.96;0.37;12.57;6.48
1394;Acsa;Alta;Grande;9;63;0;NA;11.73;9.99;0.42;13.65;11.26
1396;Acru;Alta;Grande;3;21;0;NA;5.82;0.25;0.39;11.71;4.84
1397;Acsa;Alta;Grande;NA;63;1;NA;NA;0;0.24;9.74;7.3
1400;Acsa;Alta;Grande;6;42;0;NA;14.77;0.57;0.22;10.06;9
1410;Acne;Alta;Grande;3;21;0;NA;6.26;0.57;0.22;10.06;9
1413;Acne;Alta;Grande;6;42;0;NA;10.47;17.96;0.37;12.57;6.48
1419;Acne;Alta;Grande;9;63;0;NA;8.97;0.3;0.18;9.99;8.88
1421;Acsa;Alta;Grande;6;42;0;NA;12.21;0.99;0.17;10.09;9.16
1430;Acne;Alta;Grande;NA;63;1;NA;NA;1.01;0.01;7.41;8.32
1432;Acru;Alta;Grande;9;63;0;NA;7.8;0;0.18;9.94;10.34
1436;Acne;Alta;Grande;NA;63;1;NA;NA;23.83;0.44;15.06;7.64
1440;Acne;Alta;Grande;3;21;0;NA;7.29;23.14;0.41;14.07;7.36
1442;Acru;Alta;Grande;NA;23;1;NA;NA;15.37;0.4;15.31;9.71
1451;Acsa;Alta;Grande;9;63;0;NA;12.31;0.93;0.12;9.69;6.29
1452;Acsa;Alta;Grande;NA;63;1;NA;NA;17.96;0.37;12.57;6.48
1454;Acru;Alta;Grande;3;21;0;NA;8.93;14.26;0.41;14.91;9.68
1455;Acsa;Alta;Grande;3;21;0;NA;13.54;17.9;0.37;12.52;6.5
1468;Acne;Alta;Grande;6;42;0;NA;6.13;10.7;0.42;13.69;11.13
1469;Acsa;Alta;Grande;NA;63;1;NA;NA;10.7;0.42;13.69;11.13
1497;Acne;Alta;Grande;NA;36;1;NA;NA;0;0.59;12.88;5.41
1502;Acsa;Alta;Grande;NA;37;1;NA;NA;0;0.08;8;10.1
1512;Acne;Alta;Grande;9;63;0;NA;7.59;17.96;0.37;12.57;6.48
1513;Acsa;Alta;Grande;3;21;0;NA;12.93;0.28;0.32;11.36;5.89
1514;Acsa;Alta;Grande;9;63;0;NA;14.35;0;0.14;9.13;6.78
1515;Acsa;Alta;Grande;6;42;0;NA;9.96;16.96;0.48;17.04;11.96
1518;Acsa;Alta;Grande;6;42;0;NA;16.2;0;0.06;7.68;7.05
1521;Acne;Alta;Grande;6;42;0;NA;5.58;0;0.4;11.79;9.25
1537;Acru;Alta;Grande;6;42;0;NA;8.08;0.29;0.29;10.8;10.97
1550;Acne;Alta;Grande;NA;33;1;NA;NA;0;0.13;8.45;8.14
1562;Acru;Alta;Grande;9;63;0;NA;8.49;1.06;0.44;11.85;6.29
1571;Acne;Alta;Grande;9;63;0;NA;7.43;0.91;0.27;10.25;9.9
1586;Acru;Alta;Grande;6;42;0;NA;3.27;0;0.18;9.98;7.46
1601;Acne;Alta;Grande;3;21;0;NA;4.56;0;0.34;11.26;5.76
1615;Acne;Alta;Grande;NA;63;1;NA;NA;16.75;0.48;16.3;11.93
1620;Acru;Alta;Grande;9;63;0;NA;8.22;0;0.54;12.51;6.06
1624;Acsa;Alta;Grande;NA;63;1;NA;NA;0.57;0.22;10.06;9
1628;Acsa;Alta;Grande;NA;63;1;NA;NA;6.71;0.42;12.73;10.46
1630;Acsa;Alta;Grande;9;63;0;NA;9.56;1.09;0.27;11.18;5.99
1637;Acru;Alta;Grande;NA;63;1;NA;NA;0;0.16;9.82;6.73
1649;Acne;Alta;Grande;NA;63;1;NA;NA;0.57;0.22;10.06;9
1657;Acne;Alta;Grande;3;21;0;NA;6.07;0;0.24;10.47;5.88
1669;Acru;Alta;Grande;NA;32;1;NA;NA;0.57;0.22;10.06;9
1673;Acne;Alta;Grande;6;42;0;NA;7.61;3.22;0.33;12.16;9.48
1677;Acne;Alta;Grande;6;42;0;NA;8.81;0;0.35;10.81;10.47
1683;Acru;Alta;Grande;3;21;0;NA;5.08;0.87;0;6.52;8.08
1691;Acne;Alta;Grande;9;63;0;NA;8.17;1.14;0.02;6.71;8.89
1700;Acru;Alta;Grande;NA;20;1;NA;NA;10.7;0.42;13.69;11.13
1713;Acne;Alta;Grande;9;63;0;NA;9.08;0;0.03;6.92;7.6
1717;Acne;Alta;Grande;NA;63;1;NA;NA;0;0.32;10.97;11.29
1723;Acru;Alta;Grande;3;21;0;NA;7.68;0;0.45;13.57;13.88
1732;Acsa;Alta;Grande;NA;63;1;NA;NA;2;0.29;11.4;11.33
1742;Acne;Alta;Grande;NA;30;1;NA;NA;0;0.2;9.33;7.17
1747;Acsa;Alta;Grande;3;21;0;NA;13.6;4.38;0.4;12.02;6.31
1753;Acru;Alta;Grande;NA;63;1;NA;NA;13.98;0.39;14.24;9.78
1759;Acsa;Alta;Grande;NA;63;1;NA;NA;17.96;0.37;12.57;6.48
1793;Acsa;Alta;Grande;3;21;0;NA;9.45;0;0.54;12.7;10.65
1799;Acru;Alta;Grande;6;42;0;NA;6.23;7.35;0.41;12.86;10.52
1802;Acsa;Alta;Grande;6;42;0;NA;9.82;0.88;0.02;6.25;8.32
1812;Acne;Alta;Grande;NA;63;1;NA;NA;4.58;0.41;12.39;10.24
1816;Acru;Alta;Grande;9;63;0;NA;6.28;0;0.22;10.61;7.62
1825;Acsa;Alta;Grande;6;42;0;NA;8.74;13.75;0.48;14.9;11.32
1826;Acru;Alta;Grande;NA;63;1;NA;NA;16.75;0.48;16.28;11.93
1844;Acsa;Alta;Grande;9;63;0;NA;13.3;0.84;0.1;8.77;9.06
1847;Acne;Alta;Grande;3;21;0;NA;5.19;12.38;0.45;14.41;11.53
1853;Acne;Alta;Grande;6;42;0;NA;8.98;10.7;0.42;13.69;11.13
1860;Acsa;Alta;Grande;NA;63;1;NA;NA;2.15;0.25;11.22;9.88
1863;Acru;Alta;Grande;9;63;0;NA;7.79;0;0.06;7.73;6.35
1867;Acru;Alta;Grande;NA;63;1;NA;NA;10.7;0.42;13.69;11.13
1874;Acsa;Alta;Grande;NA;63;1;NA;NA;0;0.26;10.39;11.96
1875;Acru;Alta;Grande;NA;63;1;NA;NA;0;0.25;10.38;5.59
1887;Acne;Alta;Grande;9;63;0;NA;7.84;0;0.13;8.83;11.09
1889;Acru;Alta;Grande;6;42;0;NA;7.92;0;0.49;12.64;11.22
1890;Acru;Alta;Grande;3;21;0;NA;5.8;17.96;0.37;12.57;6.48
1893;Acru;Alta;Grande;6;42;0;NA;10.78;0;0.57;12.98;8.8
1914;Acsa;Alta;Grande;NA;63;1;NA;NA;0;0.14;9.3;9.97
1928;Acsa;Alta;Grande;9;63;0;NA;16.33;10.7;0.42;13.69;11.13
1936;Acsa;Alta;Grande;NA;63;1;NA;NA;15.41;0.46;15.34;11.65
1944;Acne;Alta;Grande;NA;63;1;NA;NA;0;0.05;8.11;4.38
1952;Acsa;Alta;Grande;3;21;0;NA;10.78;10.7;0.42;13.69;11.13
1967;Acsa;Alta;Grande;3;21;0;NA;14.88;0;0.21;10.09;2.3
1969;Acru;Alta;Grande;NA;63;1;NA;NA;0;0.27;10.26;9.69
2008;Acsa;Alta;Grande;6;42;0;NA;13.6;0.96;0.28;11.24;6.09
2012;Acne;Alta;Grande;3;21;0;NA;6.88;13.92;0.39;14.18;9.54
2017;Acsa;Alta;Grande;6;42;0;NA;11.78;1;0.39;11.77;7.5
2030;Acru;Alta;Grande;9;63;0;NA;8.54;0.54;0;6.21;8.02
2049;Acne;Alta;Grande;6;42;0;NA;7.82;0.57;0.22;10.06;9
2054;Acru;Alta;Grande;6;42;0;NA;6.06;23.49;0.43;14.42;7.61
2057;Acru;Alta;Grande;9;63;0;NA;12.23;1.85;0.24;11.08;9.87
2058;Acne;Alta;Grande;NA;63;1;NA;NA;17.96;0.37;12.57;6.48
2074;Acru;Alta;Grande;NA;63;1;NA;NA;0.36;0.28;10.47;10.73
2095;Acru;Alta;Grande;NA;34;1;NA;NA;6.64;0.33;12.36;9.35
2099;Acne;Alta;Grande;9;63;0;NA;6.97;0.57;0.22;10.06;9
2100;Acru;Alta;Grande;NA;63;1;NA;NA;10.7;0.42;13.69;11.13
2102;Acsa;Alta;Grande;9;63;0;NA;10.44;0;0.29;10.99;3.43
2106;Acsa;Alta;Grande;NA;63;1;NA;NA;0;0.13;9.3;6.57
2109;Acru;Alta;Grande;3;21;0;NA;8.59;0;0.4;12.13;12.34
2113;Acsa;Alta;Grande;NA;46;1;NA;NA;10.7;0.42;13.69;11.13
2125;Acru;Alta;Grande;NA;63;1;NA;NA;0;0.15;9.25;9.62
2129;Acru;Alta;Grande;3;21;0;NA;6.42;17.96;0.37;12.57;6.48
2131;Acne;Alta;Grande;NA;63;1;NA;NA;16.33;0.39;13.19;7.01
2133;Acsa;Alta;Grande;3;21;0;NA;13.01;0;0.13;9.3;7.89
2139;Acne;Alta;Grande;3;21;0;NA;4.5;17.96;0.37;12.57;6.48
2150;Acsa;Alta;Grande;NA;63;1;NA;NA;0;0.17;11.18;14.68
2154;Acne;Alta;Grande;6;42;0;NA;7.25;17.58;0.37;12.82;6.52
2157;Acne;Alta;Grande;NA;63;1;NA;NA;0;0.4;11.9;9.97
2160;Acsa;Alta;Grande;9;63;0;NA;13.05;17.9;0.37;12.47;6.55
2179;Acru;Alta;Grande;6;42;0;NA;5.78;10.7;0.42;13.69;11.13
2181;Acsa;Alta;Grande;NA;63;1;NA;NA;16.68;0.48;16.01;11.99
2183;Acsa;Alta;Grande;3;21;0;NA;12.75;4.4;0.39;12.04;6.07
2190;Acne;Alta;Grande;9;63;0;NA;7.36;17.96;0.37;12.57;6.48
2220;Acne;Alta;Grande;NA;63;1;NA;NA;10.22;0.38;13.5;9.48
2225;Acru;Alta;Grande;9;63;0;NA;7.22;0;0.39;11.44;3.02
2230;Acne;Alta;Grande;3;21;0;NA;4.49;0;0.55;13.02;8.82
2243;Acsa;Alta;Grande;6;42;0;NA;6.26;0.88;0.21;10.1;9.4
2249;Acsa;Alta;Grande;6;42;0;NA;12.71;0.34;0.14;9.72;8.44
2253;Acne;Alta;Grande;6;42;0;NA;4.69;0;-0.09;7.05;5.92
2256;Acne;Alta;Grande;9;63;0;NA;8.69;0;0;7.49;2.24
2258;Acne;Alta;Grande;NA;63;1;NA;NA;1;0.42;12.21;7.09
2280;Acne;Alta;Grande;NA;18;1;NA;NA;0;0.08;8.05;9.76
2285;Acru;Alta;Grande;NA;63;1;NA;NA;0.57;0.22;10.06;9
2288;Acne;Alta;Grande;NA;63;1;NA;NA;17.96;0.37;12.57;6.48
2289;Acne;Alta;Grande;3;21;0;NA;5.26;23.3;0.42;14.36;7.52
2300;Acsa;Alta;Grande;9;63;0;NA;15.82;10.7;0.42;13.69;11.13
2313;Acsa;Alta;Grande;NA;63;1;NA;NA;17.38;0.37;12.92;6.56
2320;Acru;Alta;Grande;NA;17;1;NA;NA;17.96;0.37;12.57;6.48
2325;Acru;Alta;Grande;6;42;0;NA;5.03;1;0.19;10.48;5.22
2334;Acsa;Alta;Grande;NA;58;1;NA;NA;10.7;0.42;13.69;11.13
2346;Acru;Alta;Grande;NA;63;1;NA;NA;10.7;0.42;13.69;11.13
2352;Acru;Alta;Grande;NA;63;1;NA;NA;17.96;0.37;12.57;6.48
2363;Acsa;Alta;Grande;NA;63;1;NA;NA;0.57;0.22;10.06;9
2378;Acsa;Alta;Grande;9;63;0;NA;17.74;0.57;0.22;10.06;9
2384;Acsa;Alta;Grande;NA;63;1;NA;NA;10.7;0.42;13.69;11.13
2396;Acne;Alta;Grande;6;42;0;NA;6.48;0;0;7.49;3.82
21;Acsa;Baja;Pequeo;3;21;0;NA;11.85;0.93;0.02;7.91;5.86
24;Acru;Baja;Pequeo;6;42;0;NA;5.16;0;-0.09;5.39;9.35
41;Acsa;Baja;Pequeo;9;63;0;NA;6.2;0;0.16;9.32;3.46
43;Acne;Baja;Pequeo;6;42;0;NA;6.37;0.31;-0.18;5.13;8.6
46;Acsa;Baja;Pequeo;NA;32;1;NA;NA;0;0.07;7.35;10.16
50;Acsa;Baja;Pequeo;6;42;0;NA;7.82;2.03;0.19;10.89;13.2
58;Acsa;Baja;Pequeo;6;42;0;NA;13.44;1.6;-0.08;6.93;6.06
72;Acru;Baja;Pequeo;9;63;0;NA;6.55;1.51;0.05;8.1;6.48
74;Acsa;Baja;Pequeo;9;63;0;NA;14.49;0.31;-0.15;5.48;8.48
76;Acru;Baja;Pequeo;NA;15;1;NA;NA;1.62;0.09;8.54;11.21
89;Acsa;Baja;Pequeo;3;21;0;NA;17.18;0.84;0.03;7.49;10.05
104;Acru;Baja;Pequeo;3;21;0;NA;5.02;1.5;0.05;8.12;6.51
105;Acsa;Baja;Pequeo;NA;44;1;NA;NA;0.51;0.15;9.92;11.95
107;Acne;Baja;Pequeo;9;63;0;NA;7.26;1.14;0;7.31;6.45
110;Acru;Baja;Pequeo;3;21;0;NA;8.75;0;-0.33;6.3;7.26
120;Acne;Baja;Pequeo;NA;19;1;NA;NA;0;-0.09;6.9;3.95
134;Acne;Baja;Pequeo;3;21;0;NA;1.95;1.61;-0.08;6.93;6.06
141;Acru;Baja;Pequeo;3;21;0;NA;7.93;0;-0.14;5.35;8.64
144;Acne;Baja;Pequeo;6;42;0;NA;5.15;3.11;0.24;11.84;13.38
148;Acru;Baja;Pequeo;NA;27;1;NA;NA;0.85;0.1;9.46;4.79
152;Acne;Baja;Pequeo;NA;37;1;NA;NA;0;0.11;9.73;12.61
167;Acru;Baja;Pequeo;6;42;0;NA;11.82;0;-0.06;6.96;4.61
173;Acsa;Baja;Pequeo;3;21;0;NA;13.86;2.61;0.2;11.41;6.87
182;Acne;Baja;Pequeo;NA;28;1;NA;NA;1.61;-0.08;6.93;6.06
194;Acne;Baja;Pequeo;3;21;0;NA;5.35;0;-0.32;6.49;3.65
197;Acsa;Baja;Pequeo;NA;63;1;NA;NA;0;-0.3;6.79;4.91
211;Acsa;Baja;Pequeo;NA;63;1;NA;NA;0;-0.34;5.79;8.23
214;Acsa;Baja;Pequeo;6;42;0;NA;12.01;1.5;0.05;8.12;6.51
223;Acne;Baja;Pequeo;9;63;0;NA;7.23;1.5;0.05;8.12;6.51
225;Acru;Baja;Pequeo;9;63;1;3.07;NA;0.2;-0.25;6.4;5.77
234;Acsa;Baja;Pequeo;9;63;0;NA;11.32;1.15;-0.12;5.84;8.73
241;Acsa;Baja;Pequeo;3;21;0;NA;11.94;0;0.05;7.77;5.28
244;Acru;Baja;Pequeo;9;63;1;NA;9.13;0.57;0.14;10.04;12.13
246;Acne;Baja;Pequeo;6;42;0;NA;5.59;0;0.19;10.55;13.51
251;Acru;Baja;Pequeo;NA;33;1;NA;NA;0.57;0.14;10.04;12.13
260;Acru;Baja;Pequeo;NA;21;1;NA;NA;1.61;-0.08;6.93;6.06
261;Acne;Baja;Pequeo;9;63;0;NA;5.35;2;0.05;8.35;7.07
279;Acne;Baja;Pequeo;NA;63;1;NA;NA;9.18;0.26;12.64;13.29
287;Acne;Baja;Pequeo;NA;34;1;NA;NA;1.09;-0.21;6.38;6.04
291;Acsa;Baja;Pequeo;6;42;0;NA;4.78;2.69;0.05;8.07;7.73
309;Acne;Baja;Pequeo;NA;40;1;NA;NA;1.15;-0.12;5.88;8.53
313;Acru;Baja;Pequeo;9;63;0;NA;8.13;0;0.15;9.84;12.34
333;Acne;Baja;Pequeo;3;21;0;NA;4.44;1.62;0.05;7.77;10.22
334;Acne;Baja;Pequeo;6;42;0;NA;1.35;3.12;-0.06;7.33;6.79
336;Acru;Baja;Pequeo;6;42;0;NA;7.84;0.57;0.14;10.04;12.13
339;Acru;Baja;Pequeo;3;21;0;NA;5.2;0;0.1;9.27;11.78
341;Acru;Baja;Pequeo;6;42;0;NA;10.19;0.94;-0.01;7.68;5.57
362;Acru;Baja;Pequeo;9;63;0;NA;10.18;1;0.21;10.54;11.81
382;Acne;Baja;Pequeo;9;63;0;NA;6.18;0;-0.39;6.35;6.79
386;Acsa;Baja;Pequeo;9;63;0;NA;9.32;0.51;0.15;10.07;12.08
422;Acsa;Baja;Pequeo;NA;35;1;NA;NA;1.61;-0.08;6.93;6.06
426;Acne;Baja;Pequeo;NA;46;1;NA;NA;2.97;0;7.68;6.8
434;Acru;Baja;Pequeo;NA;30;1;NA;NA;1.64;0.09;8.34;10.62
435;Acru;Baja;Pequeo;9;63;1;1.88;NA;1.61;-0.08;6.93;6.06
447;Acru;Baja;Pequeo;NA;63;1;NA;NA;1.61;-0.08;6.93;6.06
458;Acru;Baja;Pequeo;NA;24;1;NA;NA;1.5;0.05;8.12;6.51
468;Acne;Baja;Pequeo;NA;19;1;NA;NA;0;0.13;9.76;12.55
472;Acru;Baja;Pequeo;3;21;0;NA;8.65;22.17;0.22;13.12;7.77
474;Acru;Baja;Pequeo;3;21;0;NA;7.79;0.03;-0.11;5.55;8.87
495;Acne;Baja;Pequeo;3;21;0;NA;3.85;0.57;0.14;10.04;12.13
499;Acru;Baja;Pequeo;6;42;0;NA;5.23;0;0.18;10.75;13.85
505;Acsa;Baja;Pequeo;NA;20;1;NA;NA;0;-0.08;6.64;5.32
511;Acsa;Baja;Pequeo;3;21;0;NA;12.31;0;-0.22;6.66;6.73
521;Acne;Baja;Pequeo;6;42;0;NA;6.3;1.5;0.05;8.12;6.51
526;Acsa;Baja;Pequeo;NA;47;1;NA;NA;0.53;0.19;10.24;12.21
533;Acsa;Baja;Pequeo;6;42;0;NA;8.52;0;-0.02;5.34;8.46
537;Acne;Baja;Pequeo;NA;34;1;NA;NA;1.61;-0.08;6.93;6.06
548;Acsa;Baja;Pequeo;NA;47;1;NA;NA;16.11;0.22;12.4;7.32
549;Acsa;Baja;Pequeo;3;21;0;NA;12.99;0.57;0.14;10.04;12.13
550;Acne;Baja;Pequeo;9;63;0;NA;4.4;1.5;0.05;8.12;6.51
565;Acsa;Baja;Pequeo;9;63;0;NA;9.92;0;0.1;8.83;4.57
567;Acru;Baja;Pequeo;9;63;1;NA;6.18;0;-0.11;6.7;7.09
579;Acne;Baja;Pequeo;NA;43;1;NA;NA;0;0.15;10.68;14.13
582;Acne;Baja;Pequeo;3;21;0;NA;5.18;3.14;-0.02;7.57;6.77
587;Acru;Baja;Pequeo;NA;36;1;NA;NA;0;0.01;7.12;9.47
593;Acne;Baja;Pequeo;6;42;0;NA;3.18;1.5;0.05;8.12;6.51
594;Acru;Baja;Pequeo;9;63;0;NA;10.47;0;0.14;9.25;1.19
601;Acru;Baja;Pequeo;NA;45;1;NA;NA;2.01;-0.08;7.09;6.09
604;Acne;Baja;Pequeo;3;21;0;NA;6.61;0;-0.02;7.03;3.84
616;Acsa;Baja;Pequeo;6;42;0;NA;11.71;1.5;0.05;8.12;6.51
619;Acsa;Baja;Pequeo;9;63;0;NA;13.61;0.14;-0.07;6.84;5.52
623;Acne;Baja;Pequeo;9;63;0;NA;8.62;0;-0.17;6.37;6.26
631;Acne;Baja;Pequeo;NA;63;1;NA;NA;0;0.1;9.26;11.82
646;Acsa;Baja;Pequeo;NA;23;1;NA;NA;0.57;0.14;10.04;12.13
665;Acsa;Baja;Pequeo;NA;29;1;NA;NA;21.99;0.22;12.8;7.47
671;Acsa;Baja;Pequeo;NA;63;1;NA;NA;0.57;0.14;10.04;12.13
679;Acne;Baja;Pequeo;NA;31;1;NA;NA;1;-0.1;7.08;5.12
683;Acsa;Baja;Pequeo;NA;53;1;NA;NA;0;-0.18;6.39;5.93
695;Acru;Baja;Pequeo;9;63;1;2.3;NA;0;0.06;9.22;15.76
701;Acne;Baja;Pequeo;NA;28;1;NA;NA;0;-0.23;6.51;3.03
708;Acne;Baja;Pequeo;6;42;0;NA;5.75;0.57;0.14;10.04;12.13
712;Acne;Baja;Pequeo;9;63;0;NA;5.01;24.55;0.27;16.3;7.99
725;Acru;Baja;Pequeo;NA;15;1;NA;NA;2.64;0.2;11.07;13.1
736;Acru;Baja;Pequeo;6;42;0;NA;8.44;1.48;0.13;9.84;5.21
743;Acsa;Baja;Pequeo;3;21;0;NA;10.04;1.5;0.05;8.12;6.51
749;Acsa;Baja;Pequeo;3;21;0;NA;9.19;1.78;0.08;8.68;8.97
764;Acru;Baja;Pequeo;NA;18;1;NA;NA;1.61;-0.08;6.93;6.06
774;Acru;Baja;Pequeo;NA;42;1;NA;NA;4.44;0.23;12.01;13.32
781;Acru;Baja;Pequeo;3;21;0;NA;10.75;0;-0.19;6.4;5.83
800;Acru;Baja;Pequeo;3;21;0;NA;11.15;1.5;0.05;8.12;6.51
815;Acru;Baja;Pequeo;6;42;0;NA;9.7;0;-0.11;6.65;6.64
822;Acne;Baja;Pequeo;3;21;0;NA;6.86;1.62;0.08;8.49;11.11
824;Acru;Baja;Pequeo;9;63;1;NA;10.16;1.5;0.05;8.12;6.51
826;Acsa;Baja;Pequeo;9;63;0;NA;10.4;0;-0.13;5.66;9.85
833;Acsa;Baja;Pequeo;NA;63;1;NA;NA;0;0.01;7.42;6.09
839;Acne;Baja;Pequeo;NA;40;1;NA;NA;0;0.12;9.26;11.41
843;Acne;Baja;Pequeo;6;42;0;NA;5.11;0;0.12;9.23;11.01
845;Acne;Baja;Pequeo;NA;37;1;NA;NA;-0.01;-0.07;6.86;5.55
848;Acsa;Baja;Pequeo;NA;63;1;NA;NA;0.57;0.14;10.04;12.13
862;Acru;Baja;Pequeo;6;42;0;NA;8.5;0;-0.16;6.44;4.29
868;Acru;Baja;Pequeo;NA;36;1;NA;NA;0.51;0.12;9.67;11.96
871;Acsa;Baja;Pequeo;6;42;0;NA;12.14;0;0.14;10.3;13.44
873;Acne;Baja;Pequeo;9;63;0;NA;6.05;1.61;-0.08;6.93;6.06
886;Acsa;Baja;Pequeo;6;42;0;NA;4.09;0.82;0.1;9.12;4.55
899;Acne;Baja;Pequeo;3;21;0;NA;5.11;0.52;0.15;10.08;11.91
920;Acru;Baja;Pequeo;NA;48;1;NA;NA;23.6;0.24;13.85;8.06
921;Acne;Baja;Pequeo;NA;34;1;NA;NA;9.68;0.27;12.8;13.24
932;Acru;Baja;Pequeo;9;63;0;NA;8.51;0;0.01;8.46;11.52
936;Acsa;Baja;Pequeo;6;42;0;NA;6.28;0.57;0.14;10.04;12.13
940;Acne;Baja;Pequeo;6;42;0;NA;7.75;0;0.1;9.65;12.76
944;Acne;Baja;Pequeo;NA;63;1;NA;NA;0;-0.09;6.54;6.75
952;Acsa;Baja;Pequeo;9;63;0;NA;9.31;1.61;-0.08;6.93;6.06
957;Acsa;Baja;Pequeo;NA;63;1;NA;NA;0.91;-0.16;5.86;7.62
962;Acru;Baja;Pequeo;9;63;1;2.75;NA;1.61;-0.08;6.93;6.06
972;Acru;Baja;Pequeo;3;21;0;NA;10.65;0.57;0.14;10.04;12.13
985;Acru;Baja;Pequeo;9;63;0;NA;6;0;-0.27;6.48;10.92
991;Acne;Baja;Pequeo;9;63;0;NA;9.95;0;-0.32;5.13;9.79
995;Acne;Baja;Pequeo;3;21;0;NA;6.99;0;-0.18;5.23;8.53
998;Acru;Baja;Pequeo;NA;24;1;NA;NA;0;0.2;9.99;11.49
1013;Acru;Baja;Pequeo;3;21;0;NA;9.39;0.57;0.14;10.04;12.13
1015;Acru;Baja;Pequeo;NA;24;1;NA;NA;1.61;-0.08;6.93;6.06
1024;Acne;Baja;Pequeo;NA;63;1;NA;NA;0;-0.28;6.67;6.56
1026;Acsa;Baja;Pequeo;9;63;0;NA;10.36;21.79;0.24;13.49;7.82
1044;Acne;Baja;Pequeo;6;42;0;NA;6.81;0.82;0.02;7.04;10.21
1047;Acsa;Baja;Pequeo;NA;29;1;NA;NA;3.52;0.01;7.9;7.11
1053;Acsa;Baja;Pequeo;NA;63;1;NA;NA;0.57;0.14;10.04;12.13
1065;Acru;Baja;Pequeo;6;42;0;NA;8.69;0;-0.08;5.8;9.85
1068;Acsa;Baja;Pequeo;3;21;0;NA;16.39;0.33;-0.18;6.2;6.44
1077;Acsa;Baja;Pequeo;6;42;0;NA;10.16;1.49;0.15;10.1;5.37
1081;Acne;Baja;Pequeo;9;63;0;NA;5.99;13.99;0.22;12.3;7.37
1083;Acsa;Baja;Pequeo;3;21;0;NA;13.14;1.5;0.05;8.12;6.51
1094;Acru;Baja;Pequeo;9;63;1;NA;8.87;1.61;-0.08;6.93;6.06
1099;Acru;Baja;Pequeo;NA;51;1;NA;NA;1.86;0.09;8.06;10.5
1109;Acru;Baja;Pequeo;9;63;1;4.86;NA;0.36;-0.18;4.49;8.62
1124;Acne;Baja;Pequeo;NA;25;1;NA;NA;1.47;-0.11;6.11;7.78
1129;Acne;Baja;Pequeo;3;21;0;NA;5.72;1.61;0.06;8.23;6.61
1130;Acru;Baja;Pequeo;NA;39;1;NA;NA;0.57;0.14;10.04;12.13
1143;Acne;Baja;Pequeo;NA;22;1;NA;NA;0;-0.12;6.66;6.53
1147;Acsa;Baja;Pequeo;9;63;0;NA;14.4;0.65;0.19;10.46;12.31
1164;Acru;Baja;Pequeo;NA;27;1;NA;NA;1.61;-0.08;6.93;6.06
1171;Acru;Baja;Pequeo;NA;21;1;NA;NA;0;0.16;10.34;13.24
1177;Acsa;Baja;Pequeo;NA;35;1;NA;NA;1.61;-0.08;6.93;6.06
1197;Acsa;Baja;Pequeo;NA;63;1;NA;NA;1.61;-0.08;6.93;6.06
1199;Acsa;Baja;Pequeo;NA;35;1;NA;NA;0.57;0.14;10.04;12.13
1224;Acne;Alta;Pequeo;6;42;0;NA;5.45;1;0.03;8.02;9.22
1228;Acru;Alta;Pequeo;3;21;0;NA;13.44;0;-0.13;8.08;12.75
1234;Acsa;Alta;Pequeo;3;21;0;NA;9.44;1.17;0.05;8.45;11.54
1235;Acsa;Alta;Pequeo;3;21;0;NA;11.28;13.95;0.37;13.75;8.67
1237;Acsa;Alta;Pequeo;6;42;0;NA;11.28;0;0.5;14.36;15.7
1257;Acne;Alta;Pequeo;9;63;0;NA;5.73;0;0.12;8.96;8.34
1281;Acne;Alta;Pequeo;NA;30;1;NA;NA;0;0.15;9.8;11.1
1292;Acne;Alta;Pequeo;NA;63;1;NA;NA;1.42;0.12;9.83;7.75
1299;Acru;Alta;Pequeo;NA;29;1;NA;NA;0;0.27;11.12;9.86
1300;Acne;Alta;Pequeo;3;21;0;NA;5.1;1.2;0.14;10.1;5.72
1305;Acru;Alta;Pequeo;3;21;0;NA;11.08;0.06;0.26;10.36;11.71
1306;Acru;Alta;Pequeo;3;21;0;NA;8.28;0;0.11;9.35;5.29
1310;Acru;Alta;Pequeo;6;42;0;NA;9.49;10.81;0.29;12.31;8.54
1311;Acne;Alta;Pequeo;6;42;0;NA;7.2;5.78;0.39;13.17;12.91
1316;Acru;Alta;Pequeo;9;63;0;NA;12.32;2.8;0.25;11.29;13.07
1322;Acru;Alta;Pequeo;6;42;0;NA;11.51;0.06;0.26;10.36;11.71
1325;Acne;Alta;Pequeo;9;63;0;NA;7.58;1.75;0.22;11.11;8.26
1330;Acne;Alta;Pequeo;NA;33;1;NA;NA;0.06;0.26;10.36;11.71
1335;Acru;Alta;Pequeo;9;63;0;NA;10.11;0;0.02;6.63;8.49
1344;Acru;Alta;Pequeo;6;42;0;NA;7.3;20.08;0.31;12.45;7.29
1352;Acru;Alta;Pequeo;NA;63;1;NA;NA;0;0.12;8.9;10.51
1360;Acsa;Alta;Pequeo;NA;63;1;NA;NA;0;0.13;9.35;5.98
1365;Acru;Alta;Pequeo;NA;63;1;NA;NA;1.42;0.12;9.83;7.75
1376;Acne;Alta;Pequeo;NA;36;1;NA;NA;0;0.08;7.26;8.7
1391;Acsa;Alta;Pequeo;6;42;0;NA;9.66;0;-0.01;7.34;6.46
1393;Acsa;Alta;Pequeo;9;63;0;NA;10.34;2.47;0.23;10.99;12.87
1423;Acne;Alta;Pequeo;NA;45;1;NA;NA;1.42;0.12;9.83;7.75
1434;Acne;Alta;Pequeo;NA;63;1;NA;NA;21.97;0.31;12.87;7.17
1439;Acsa;Alta;Pequeo;NA;63;1;NA;NA;0;0.09;8.27;6.78
1446;Acsa;Alta;Pequeo;NA;46;1;NA;NA;18.41;0.34;12.96;7.06
1447;Acne;Alta;Pequeo;3;21;0;NA;5.22;18.41;0.34;12.96;7.06
1450;Acsa;Alta;Pequeo;3;21;0;NA;8.82;24.5;0.38;13.66;7.69
1458;Acru;Alta;Pequeo;NA;23;1;NA;NA;1.42;0.12;9.83;7.75
1461;Acne;Alta;Pequeo;3;21;0;NA;6.24;12.47;0.3;12.64;8.48
1465;Acne;Alta;Pequeo;6;42;0;NA;4.94;0;-0.05;7.16;11.36
1467;Acne;Alta;Pequeo;9;63;0;NA;5.41;0.2;-0.03;6.57;7.52
1476;Acsa;Alta;Pequeo;6;42;0;NA;13.15;18.41;0.34;12.96;7.06
1478;Acru;Alta;Pequeo;3;21;0;NA;10.1;0;0.09;7.74;8.6
1485;Acne;Alta;Pequeo;NA;63;1;NA;NA;24.39;0.41;15.23;7.52
1508;Acru;Alta;Pequeo;9;63;0;NA;6.78;12.8;0.3;12.97;8.72
1519;Acru;Alta;Pequeo;6;42;0;NA;7.05;0;0.05;7.8;10.29
1525;Acsa;Alta;Pequeo;9;63;0;NA;9.25;24.65;0.43;15.67;7.65
1551;Acru;Alta;Pequeo;9;63;0;NA;8.14;0;0.23;10.49;6.4
1568;Acne;Alta;Pequeo;NA;63;1;NA;NA;1.42;0.12;9.83;7.75
1583;Acne;Alta;Pequeo;6;42;0;NA;7.46;5.5;0.35;12.79;13.76
1591;Acne;Alta;Pequeo;3;21;0;NA;5.67;0;0;6.53;7.96
1592;Acne;Alta;Pequeo;6;42;0;NA;3.85;0;0.07;8.01;6.97
1608;Acne;Alta;Pequeo;9;63;0;NA;5.76;14.77;0.31;12.4;7.28
1613;Acru;Alta;Pequeo;NA;20;1;NA;NA;1.31;0.3;11.94;12.9
1619;Acne;Alta;Pequeo;NA;63;1;NA;NA;12.73;0.45;14.98;13.81
1627;Acne;Alta;Pequeo;3;21;0;NA;6.06;0.06;0.26;10.36;11.71
1631;Acru;Alta;Pequeo;NA;20;1;NA;NA;18.41;0.34;12.96;7.06
1647;Acne;Alta;Pequeo;9;63;0;NA;6.73;0.44;0.22;10.41;12.31
1652;Acsa;Alta;Pequeo;9;63;0;NA;10.88;0;-0.17;8.54;13.97
1661;Acru;Alta;Pequeo;NA;32;1;NA;NA;0;0.09;8.25;5.78
1665;Acne;Alta;Pequeo;6;42;0;NA;5.88;0;0.1;9.05;6.02
1670;Acru;Alta;Pequeo;NA;63;1;NA;NA;0;0.28;10.51;12.29
1675;Acru;Alta;Pequeo;6;42;0;NA;10.47;0.06;0.26;10.36;11.71
1681;Acsa;Alta;Pequeo;NA;63;1;NA;NA;0;0.16;9.03;7.51
1684;Acru;Alta;Pequeo;9;63;0;NA;7.6;0.06;0.26;10.36;11.71
1686;Acru;Alta;Pequeo;NA;17;1;NA;NA;0.95;0.05;8.77;12.28
1687;Acsa;Alta;Pequeo;6;42;0;NA;11.29;0;0.32;11.13;5
1696;Acsa;Alta;Pequeo;9;63;0;NA;13.88;0;0.1;9.09;5.08
1698;Acsa;Alta;Pequeo;NA;28;1;NA;NA;1.42;0.12;9.83;7.75
1709;Acsa;Alta;Pequeo;NA;63;1;NA;NA;0;0.44;13.25;13.89
1718;Acsa;Alta;Pequeo;3;21;0;NA;11.33;0.06;0.26;10.36;11.71
1737;Acru;Alta;Pequeo;3;21;0;NA;7.17;1.42;0.12;9.83;7.75
1748;Acru;Alta;Pequeo;3;21;0;NA;11.78;0.06;0.1;9.16;11.34
1756;Acsa;Alta;Pequeo;NA;63;1;NA;NA;0;0.13;7.87;8.89
1774;Acne;Alta;Pequeo;NA;51;1;NA;NA;11.39;0.45;14.38;13.67
1775;Acru;Alta;Pequeo;NA;23;1;NA;NA;0;0.22;11.42;16.7
1786;Acsa;Alta;Pequeo;3;21;0;NA;10.65;0.31;0.08;8.77;8.15
1819;Acru;Alta;Pequeo;6;42;0;NA;5.81;0;0.18;8.57;8.78
1837;Acne;Alta;Pequeo;9;63;0;NA;7.62;18.41;0.34;12.96;7.06
1838;Acsa;Alta;Pequeo;6;42;0;NA;10.53;10.61;0.45;14.46;13.71
1850;Acru;Alta;Pequeo;9;63;0;NA;9.72;13.95;0.31;12.38;7.28
1862;Acru;Alta;Pequeo;NA;63;1;NA;NA;1.42;0.12;9.83;7.75
1879;Acru;Alta;Pequeo;NA;63;1;NA;NA;4;0.25;12.12;8.04
1894;Acsa;Alta;Pequeo;NA;63;1;NA;NA;13.95;0.31;12.38;7.28
1897;Acru;Alta;Pequeo;NA;41;1;NA;NA;0;0.12;8.55;6.71
1901;Acru;Alta;Pequeo;3;21;0;NA;6.35;0;0.37;12.43;14.74
1904;Acsa;Alta;Pequeo;NA;37;1;NA;NA;5.09;0.31;12.01;6.87
1906;Acsa;Alta;Pequeo;9;63;0;NA;11.96;1.89;0.22;10.83;12.89
1925;Acsa;Alta;Pequeo;3;21;0;NA;5.59;0;-0.01;8.57;19.17
1930;Acru;Alta;Pequeo;3;21;0;NA;3.56;0.06;0.26;10.36;11.71
1931;Acru;Alta;Pequeo;6;42;0;NA;11.09;18.41;0.34;12.96;7.06
1934;Acsa;Alta;Pequeo;6;42;0;NA;11.22;0.51;0.16;10.02;7.85
1941;Acne;Alta;Pequeo;NA;63;1;NA;NA;18.41;0.34;12.96;7.06
1942;Acsa;Alta;Pequeo;9;63;0;NA;8.8;15.74;0.39;14.65;8.83
1943;Acru;Alta;Pequeo;3;21;0;NA;9.42;0;0.3;11.17;6.49
1945;Acru;Alta;Pequeo;6;42;0;NA;9.97;1.42;0.12;9.83;7.75
1948;Acru;Alta;Pequeo;9;63;0;NA;11.53;2.8;0.28;11.9;8.8
1949;Acsa;Alta;Pequeo;NA;31;1;NA;NA;0.06;0.26;10.36;11.71
1953;Acsa;Alta;Pequeo;NA;63;1;NA;NA;0.64;0.16;10.12;7.95
1959;Acne;Alta;Pequeo;3;21;0;NA;4.38;2;0.14;10.27;5.61
1964;Acsa;Alta;Pequeo;NA;22;1;NA;NA;13.68;0.37;13.59;8.6
1965;Acne;Alta;Pequeo;6;42;0;NA;2.3;0.14;-0.03;5.88;8.05
1968;Acsa;Alta;Pequeo;3;21;0;NA;9.69;2.47;0.23;10.97;12.89
1972;Acru;Alta;Pequeo;6;42;0;NA;6.37;2.77;0.22;11.21;7.15
1973;Acsa;Alta;Pequeo;6;42;0;NA;9.79;1.06;0.12;9.56;11.51
1981;Acsa;Alta;Pequeo;3;21;0;NA;8.92;0.06;0.26;10.36;11.71
1984;Acru;Alta;Pequeo;NA;35;1;NA;NA;3;0.08;9.48;5.97
2024;Acne;Alta;Pequeo;NA;63;1;NA;NA;0;0.23;9.57;6.35
2045;Acsa;Alta;Pequeo;6;42;0;NA;7.5;1.8;0.22;11.09;7.36
2063;Acru;Alta;Pequeo;NA;63;1;NA;NA;1.42;0.12;9.83;7.75
2067;Acne;Alta;Pequeo;NA;24;1;NA;NA;0.06;0.26;10.36;11.71
2069;Acne;Alta;Pequeo;3;21;0;NA;6.87;1.37;0.14;10.03;5.91
2081;Acru;Alta;Pequeo;NA;63;1;NA;NA;2.51;0.23;11.17;13.29
2083;Acsa;Alta;Pequeo;NA;63;1;NA;NA;0;0.25;10.99;7.79
2084;Acne;Alta;Pequeo;6;42;0;NA;3.43;0;0.29;11.9;14.55
2086;Acne;Alta;Pequeo;9;63;0;NA;6.57;18.41;0.34;12.96;7.06
2088;Acsa;Alta;Pequeo;9;63;0;NA;12.34;0;0.2;10.19;6.51
2089;Acsa;Alta;Pequeo;NA;63;1;NA;NA;0.06;0.26;10.36;11.71
2097;Acru;Alta;Pequeo;6;42;0;NA;9.62;2;0.57;14.95;13.81
2098;Acne;Alta;Pequeo;NA;63;1;NA;NA;1.4;0.12;9.96;5.95
2108;Acne;Alta;Pequeo;9;63;0;NA;7.89;0;0.21;10.15;6.32
2110;Acne;Alta;Pequeo;NA;63;1;NA;NA;0;0.21;9.14;8.51
2132;Acsa;Alta;Pequeo;NA;49;1;NA;NA;0;0.36;10.28;7.05
2146;Acsa;Alta;Pequeo;9;63;0;NA;14.68;0.22;0.09;9;7.63
2161;Acru;Alta;Pequeo;9;63;0;NA;9.97;5.75;0.33;12.5;13.59
2168;Acru;Alta;Pequeo;NA;63;1;NA;NA;0;0.4;11.19;6.67
2178;Acsa;Alta;Pequeo;NA;34;1;NA;NA;0.77;0.02;7.72;10.57
2200;Acne;Alta;Pequeo;NA;36;1;NA;NA;0;0.3;10.16;10.16
2201;Acne;Alta;Pequeo;NA;63;1;NA;NA;0;0.2;10.83;13.29
2208;Acsa;Alta;Pequeo;6;42;0;NA;9.41;0;0.24;10.35;5.17
2219;Acru;Alta;Pequeo;3;21;0;NA;8.96;1.42;0.12;9.83;7.75
2224;Acsa;Alta;Pequeo;3;21;0;NA;10.58;0.29;0.08;8.6;8.02
2227;Acsa;Alta;Pequeo;3;21;0;NA;11.65;0;0.36;12.38;15.05
2237;Acne;Alta;Pequeo;3;21;0;NA;3.02;18.41;0.34;12.96;7.06
2239;Acsa;Alta;Pequeo;6;42;0;NA;8.82;0.06;0.26;10.36;11.71
2241;Acne;Alta;Pequeo;3;21;0;NA;4.81;0;0.21;10.32;7.02
2278;Acne;Alta;Pequeo;6;42;0;NA;5.92;0;0.18;11.33;15.74
2301;Acne;Alta;Pequeo;6;42;0;NA;2.24;0;0.24;10.3;11.02
2303;Acne;Alta;Pequeo;9;63;0;NA;7.09;18.41;0.34;12.96;7.06
2308;Acsa;Alta;Pequeo;9;63;0;NA;9.96;0;0.06;9.17;12.57
2309;Acru;Alta;Pequeo;9;63;0;NA;9.76;0;0.01;6.98;5.09
2311;Acru;Alta;Pequeo;NA;38;1;NA;NA;0.68;0.18;10.3;8.24
2321;Acne;Alta;Pequeo;NA;63;1;NA;NA;1.42;0.12;9.83;7.75
2339;Acsa;Alta;Pequeo;NA;63;1;NA;NA;0.06;0.26;10.36;11.71
2350;Acne;Alta;Pequeo;NA;33;1;NA;NA;1.37;0.3;11.99;12.87
2357;Acne;Alta;Pequeo;9;63;0;NA;5.22;0.06;0.26;10.36;11.71
2360;Acsa;Alta;Pequeo;NA;63;1;NA;NA;0;0;7.69;6.31
2361;Acsa;Alta;Pequeo;9;63;0;NA;10.82;0;0.07;7.97;7.69
2364;Acru;Alta;Pequeo;9;63;0;NA;9.61;1.42;0.12;9.83;7.75
2365;Acsa;Alta;Pequeo;NA;34;1;NA;NA;0;0.13;8.56;7.61
2368;Acne;Alta;Pequeo;NA;63;1;NA;NA;1.42;0.12;9.83;7.75
2381;Acru;Alta;Pequeo;NA;29;1;NA;NA;1.42;0.12;9.83;7.75
2386;Acru;Alta;Pequeo;NA;63;1;NA;NA;24.94;0.45;16.33;7.84
2390;Acsa;Alta;Pequeo;NA;63;1;NA;NA;24.67;0.45;16.01;7.8
2395;Acne;Alta;Pequeo;3;21;0;NA;3.82;0.06;0.26;10.36;11.71
